Term	Overlap	P.value	Adjusted.P.value	Odds.Ratio	Combined.Score	Genes	Rank	Database
Amyotrophic lateral sclerosis	148/364	1.01235422492623e-52	2.56891049608946e-50	6.31496897521872	756.041639540182	BAD;NUP93;PSMC6;PSMC4;PSMC5;PSMC2;PSMC3;UQCRC2;PSMC1;UQCRC1;PFN1;OPTN;UQCR10;UQCR11;PSMD9;ACTB;PSMD7;PSMD8;PSMD6;PSMD3;PSMD4;NRBF2;PSMD2;COX8A;GABARAPL2;COX7A2L;GABARAP;SEC13;ATP5F1D;ATP5F1E;COX6C;COX7C;COX7B;ACTR1A;ATG101;ATP5PF;ATP5PD;ATP5PB;TUBB4B;COX6B1;PSMA6;PSMA7;PSMA4;PSMA5;HNRNPA2B1;PSMA3;NDUFAB1;COX5A;NDUFA12;NDUFA13;NDUFA10;NDUFA11;DERL1;TUBA1A;COX5B;PSMB7;ATP5F1A;ATP5F1B;PSMB5;ATP5F1C;PSMB6;TUBA1B;PSMB3;PSMB4;PSMB1;PSMB2;ANXA7;RAB8A;RAC1;BID;SDHB;SDHC;TUBA4A;UQCRQ;SRSF3;SRSF7;RAB1A;NDUFB11;NDUFB10;TNF;TANK;COX6A1;NDUFV3;NDUFV2;MAP2K3;CHCHD10;EIF2S1;SEM1;BCL2L1;CHMP2B;RAB5A;VCP;UQCRB;ACTG1;ATP5MC3;COX7A2;ATP5MC2;UQCRH;CYC1;GPX7;WIPI1;WIPI2;NDUFC1;TNFRSF1B;NDUFS8;NDUFS7;NUP54;NDUFS6;NDUFS5;NDUFS4;NDUFS3;CYCS;NDUFS2;NDUFS1;PSMD11;NDUFB9;PSMD13;NDUFB7;NDUFB6;PSMD14;NDUFB5;NDUFB4;NDUFB3;NDUFB2;NDUFB1;CASP9;UQCRFS1;COX4I1;NDUFA8;NDUFA6;NDUFA5;ADRM1;NDUFA4;NDUFA3;NDUFA2;NDUFA1;SOD1;UQCRHL;CAT;VDAC1;BECN1;NXT1;DCTN3;DCTN2;DCTN5;UBQLN1;HNRNPA3;HNRNPA1	1	KEGG_2021_Human
Parkinson disease	120/249	1.82076942203686e-52	2.56891049608946e-50	8.49183064997018	1011.67565127974	PSMC6;PSMC4;PSMC5;PSMC2;PSMC3;UQCRC2;PSMC1;UQCRC1;CALM3;CALM1;UQCR10;UQCR11;UBE2L3;PSMD9;PSMD7;PSMD8;PSMD6;PSMD3;PSMD4;PSMD2;COX8A;COX7A2L;TXN;ATP5F1D;ATP5F1E;COX6C;UBE2G1;COX7C;COX7B;ATP5PF;ATP5PD;ATP5PB;TUBB4B;COX6B1;PSMA6;PSMA7;PSMA4;PSMA5;PSMA3;NDUFAB1;COX5A;NDUFA12;NDUFA13;NDUFA10;NDUFA11;TUBA1A;COX5B;GNAI2;GNAI3;PSMB7;ATP5F1A;ATP5F1B;PSMB5;ATP5F1C;PSMB6;TUBA1B;PSMB3;PSMB4;PSMB1;PSMB2;SDHB;SDHC;TUBA4A;UQCRQ;NDUFB11;NDUFB10;PARK7;COX6A1;NDUFV3;NDUFV2;EIF2S1;SEM1;BCL2L1;UBA1;TXN2;UQCRB;ATP5MC3;HTRA2;COX7A2;ATP5MC2;UQCRH;CYC1;NDUFC1;NDUFS8;NDUFS7;NDUFS6;NDUFS5;NDUFS4;NDUFS3;CYCS;NDUFS2;NDUFS1;PSMD11;NDUFB9;PSMD13;NDUFB7;NDUFB6;PSMD14;NDUFB5;NDUFB4;NDUFB3;NDUFB2;NDUFB1;CASP9;UQCRFS1;COX4I1;NDUFA8;NDUFA6;NDUFA5;ADRM1;NDUFA4;NDUFA3;NDUFA2;NDUFA1;UQCRHL;VDAC3;VDAC2;VDAC1;UBA52;SLC25A5	2	KEGG_2021_Human
Huntington disease	134/306	2.54347573870243e-52	2.56891049608946e-50	7.14603353834326	848.955167828358	PSMC6;PSMC4;PSMC5;PSMC2;PSMC3;UQCRC2;PSMC1;UQCRC1;UQCR10;UQCR11;PSMD9;PSMD7;PSMD8;PSMD6;PSMD3;CREB3L3;PSMD4;NRBF2;AP2S1;PSMD2;COX8A;COX7A2L;ATP5F1D;ATP5F1E;COX6C;COX7C;COX7B;CLTB;CLTA;ACTR1A;ATG101;ATP5PF;ATP5PD;ATP5PB;TUBB4B;COX6B1;PSMA6;PSMA7;PSMA4;PSMA5;PSMA3;NDUFAB1;PPARG;COX5A;NDUFA12;NDUFA13;NDUFA10;NDUFA11;TUBA1A;COX5B;PSMB7;ATP5F1A;ATP5F1B;PSMB5;ATP5F1C;PSMB6;TUBA1B;PSMB3;PSMB4;PSMB1;PSMB2;SDHB;SDHC;TUBA4A;UQCRQ;NDUFB11;NDUFB10;COX6A1;NDUFV3;NDUFV2;SEM1;UQCRB;ATP5MC3;COX7A2;ATP5MC2;UQCRH;CYC1;AP2M1;GPX7;WIPI1;WIPI2;NDUFC1;NDUFS8;NDUFS7;NDUFS6;NDUFS5;NDUFS4;NDUFS3;CYCS;NDUFS2;NDUFS1;PSMD11;NDUFB9;PSMD13;NDUFB7;NDUFB6;PSMD14;NDUFB5;NDUFB4;NDUFB3;NDUFB2;NDUFB1;CASP9;UQCRFS1;COX4I1;NDUFA8;NDUFA6;NDUFA5;ADRM1;NDUFA4;NDUFA3;NDUFA2;NDUFA1;SOD1;UQCRHL;VDAC3;VDAC2;VDAC1;SLC25A5;BECN1;DCTN3;HDAC1;DCTN2;DCTN5;POLR2C;POLR2D;POLR2E;POLR2F;POLR2G;POLR2H;POLR2I;POLR2J;POLR2K;POLR2L	3	KEGG_2021_Human
Prion disease	119/273	2.8140623121431e-46	2.1316522014484e-44	7.04049205535623	738.436976510954	BAD;PSMC6;PSMC4;PSMC5;PSMC2;PSMC3;UQCRC2;PSMC1;UQCRC1;UQCR10;UQCR11;PSMD9;PSMD7;PSMD8;PSMD6;PSMD3;CREB3L3;PSMD4;PSMD2;COX8A;COX7A2L;ATP5F1D;ATP5F1E;COX6C;COX7C;COX7B;STIP1;ATP5PF;ATP5PD;ATP5PB;TUBB4B;COX6B1;PSMA6;PSMA7;PSMA4;PSMA5;PSMA3;NDUFAB1;COX5A;NDUFA12;NDUFA13;NDUFA10;NDUFA11;TUBA1A;COX5B;PSMB7;ATP5F1A;ATP5F1B;PSMB5;ATP5F1C;PSMB6;TUBA1B;PSMB3;PSMB4;PSMB1;PSMB2;RAC1;RAC2;SDHB;SDHC;TUBA4A;UQCRQ;NDUFB11;NDUFB10;TNF;COX6A1;NDUFV3;NDUFV2;PRNP;CYBA;EIF2S1;SEM1;UQCRB;NCF4;ATP5MC3;COX7A2;ATP5MC2;UQCRH;CYC1;HSPA8;NDUFC1;NDUFS8;NDUFS7;NDUFS6;NDUFS5;NDUFS4;NDUFS3;CYCS;NDUFS2;NDUFS1;PSMD11;NDUFB9;PSMD13;NDUFB7;NDUFB6;PSMD14;NDUFB5;NDUFB4;NDUFB3;NDUFB2;NDUFB1;CASP9;UQCRFS1;COX4I1;NDUFA8;NDUFA6;NDUFA5;ADRM1;NDUFA4;NDUFA3;NDUFA2;NDUFA1;SOD1;UQCRHL;VDAC3;VDAC2;VDAC1;SLC25A5;MAPK1	4	KEGG_2021_Human
Oxidative phosphorylation	81/133	5.58649930937451e-46	3.38541858148095e-44	14.0012182387748	1458.90679872464	ATP6V1E1;PPA1;SDHB;SDHC;UQCRQ;UQCRC2;UQCRC1;ATP6V0D1;NDUFB11;NDUFB10;UQCR10;UQCR11;COX6A1;NDUFV3;NDUFV2;COX8A;ATP6V0C;ATP6V0B;COX7A2L;ATP6V1B2;ATP6V1D;COX17;UQCRB;ATP5MC3;COX7A2;ATP5MC2;UQCRH;ATP6V1F;CYC1;ATP6V1C1;NDUFC1;ATP5F1D;ATP5F1E;COX6C;NDUFS8;NDUFS7;NDUFS6;NDUFS5;NDUFS4;NDUFS3;NDUFS2;NDUFS1;ATP5ME;COX7C;NDUFB9;COX7B;NDUFB7;NDUFB6;NDUFB5;NDUFB4;NDUFB3;NDUFB2;NDUFB1;UQCRFS1;COX4I1;ATP5MG;ATP5MF;ATP6V1G1;ATP5PF;ATP6V0E1;NDUFA8;ATP5PD;NDUFA6;NDUFA5;ATP5PB;NDUFA4;NDUFA3;NDUFA2;NDUFA1;COX6B1;UQCRHL;NDUFAB1;COX5A;NDUFA12;NDUFA13;NDUFA10;NDUFA11;COX5B;ATP5F1A;ATP5F1B;ATP5F1C	5	KEGG_2021_Human
Pathways of neurodegeneration	158/475	6.20154028229839e-43	3.13177784256069e-41	4.59138035716643	446.219550279882	BAD;PSMC6;PSMC4;PSMC5;PSMC2;PSMC3;UQCRC2;PSMC1;UQCRC1;OPTN;ARAF;PSMD9;PSMD7;PSMD8;PSMD6;PSMD3;PSMD4;NRBF2;PSMD2;GABARAPL2;GABARAP;ATG101;TUBB4B;COX6B1;PSMA6;PSMA7;PSMA4;PSMA5;PSMA3;NDUFA12;NDUFA13;NDUFA10;NDUFA11;TUBA1A;PSMB7;PSMB5;PSMB6;TUBA1B;PSMB3;PSMB4;PSMB1;PSMB2;BID;TUBA4A;UQCRQ;RAB1A;PARK7;TNF;TANK;MAP2K3;BCL2L1;RAB5A;UQCRB;UQCRH;GPX7;WIPI1;WIPI2;NDUFC1;TNFRSF1B;CDK5;NDUFB9;NDUFB7;NDUFB6;NDUFB5;NDUFB4;NDUFB3;NDUFB2;NDUFB1;COX4I1;NDUFA8;NDUFA6;NDUFA5;ADRM1;NDUFA4;NDUFA3;NDUFA2;NDUFA1;UBA52;SLC25A5;BECN1;HSD17B10;BAK1;CALM3;CALM1;UQCR10;UQCR11;UBE2L3;COX8A;COX7A2L;ATP5F1D;ATP5F1E;COX6C;UBE2G1;COX7C;COX7B;ACTR1A;ATP5PF;ATP5PD;ATP5PB;NDUFAB1;COX5A;DERL1;COX5B;ATP5F1A;ATP5F1B;ATP5F1C;RAB8A;HRAS;RAC1;SDHB;SDHC;FAS;PPID;RELA;NDUFB11;NDUFB10;COX6A1;CAPN1;CAPN2;NDUFV3;NDUFV2;PRNP;EIF2S1;SEM1;CHMP2B;UBA1;VCP;ATP5MC3;HTRA2;COX7A2;ATP5MC2;CYC1;NDUFS8;NDUFS7;NDUFS6;NDUFS5;NDUFS4;NDUFS3;CYCS;NDUFS2;NDUFS1;PSMD11;PSMD13;PSMD14;CASP9;CASP7;UQCRFS1;SOD1;UQCRHL;CAT;VDAC3;VDAC2;KRAS;VDAC1;DCTN3;DCTN2;DCTN5;MAPK1	6	KEGG_2021_Human
Alzheimer disease	133/369	1.5746559310663e-40	6.81601067304414e-39	5.14797038929675	471.808227142185	BAD;PSMC6;PSMC4;PSMC5;PSMC2;PSMC3;UQCRC2;PSMC1;UQCRC1;CALM3;CALM1;UQCR10;ARAF;UQCR11;PSMD9;PSMD7;PSMD8;PSMD6;PSMD3;PSMD4;NRBF2;PSMD2;COX8A;COX7A2L;ATP5F1D;ATP5F1E;COX6C;COX7C;COX7B;ATG101;ATP5PF;ATP5PD;ATP5PB;TUBB4B;COX6B1;PSMA6;PSMA7;PSMA4;PSMA5;PSMA3;NDUFAB1;COX5A;NDUFA12;NDUFA13;NDUFA10;NDUFA11;TUBA1A;COX5B;PSMB7;ATP5F1A;ATP5F1B;PSMB5;ATP5F1C;PSMB6;TUBA1B;PSMB3;PSMB4;PSMB1;PSMB2;HRAS;BID;SDHB;SDHC;TUBA4A;FAS;UQCRQ;PPID;RELA;NDUFB11;NDUFB10;TNF;COX6A1;CAPN1;CAPN2;NDUFV3;NDUFV2;EIF2S1;SEM1;UQCRB;ATP5MC3;COX7A2;ATP5MC2;UQCRH;CYC1;EIF2AK2;WIPI1;WIPI2;NDUFC1;NDUFS8;CDK5;NDUFS7;NDUFS6;NDUFS5;NDUFS4;NDUFS3;CYCS;NDUFS2;NDUFS1;PSMD11;RTN4;NDUFB9;PSMD13;NDUFB7;NDUFB6;PSMD14;NDUFB5;NDUFB4;NDUFB3;NDUFB2;NDUFB1;APH1A;CASP9;CASP7;UQCRFS1;COX4I1;NDUFA8;NDUFA6;NDUFA5;ADRM1;NDUFA4;NDUFA3;NDUFA2;NDUFA1;UQCRHL;VDAC3;VDAC2;KRAS;VDAC1;SLC25A5;GAPDH;BECN1;HSD17B10;MAPK1	7	KEGG_2021_Human
Diabetic cardiomyopathy	84/203	5.79553594057131e-31	2.19505923749138e-29	6.33054913808424	440.752138706332	UQCRC2;UQCRC1;PDHB;UQCR10;UQCR11;COX8A;COX7A2L;PDHA1;ATP5F1D;ATP5F1E;COX6C;COX7C;COX7B;ATP5PF;ATP5PD;ATP5PB;COX6B1;NDUFAB1;COX5A;NDUFA12;NDUFA13;NDUFA10;NDUFA11;COX5B;ATP5F1A;ATP5F1B;ATP5F1C;RAC1;RAC2;TGFB1;SDHB;SDHC;PPP1CA;UQCRQ;RELA;NDUFB11;NDUFB10;COX6A1;PPP1CC;NDUFV3;NDUFV2;CYBA;UQCRB;NCF4;ATP5MC3;COX7A2;ATP5MC2;UQCRH;MPC1;MPC2;CYC1;NDUFC1;NDUFS8;NDUFS7;NDUFS6;NDUFS5;NDUFS4;NDUFS3;NDUFS2;NDUFS1;NDUFB9;NDUFB7;NDUFB6;NDUFB5;NDUFB4;NDUFB3;NDUFB2;NDUFB1;CPT2;UQCRFS1;COX4I1;NDUFA8;NDUFA6;NDUFA5;NDUFA4;NDUFA3;NDUFA2;NDUFA1;UQCRHL;VDAC3;VDAC2;VDAC1;SLC25A5;GAPDH	8	KEGG_2021_Human
Thermogenesis	90/232	1.56302810030905e-30	5.26219460437381e-29	5.69398207426376	390.783272406095	UQCRC2;UQCRC1;UQCR10;UQCR11;ACTB;CREB3L3;COX8A;ACTL6A;COX7A2L;NDUFAF3;ATP5F1D;ATP5F1E;COX6C;ATP5ME;COX7C;COX7B;ATP5MG;ATP5MF;ATP5PF;ATP5PD;ATP5PB;COX6B1;NDUFAB1;PPARG;COX5A;NDUFA12;NDUFA13;NDUFA10;NDUFA11;PRKAG1;COX5B;ATP5F1A;ATP5F1B;ATP5F1C;HRAS;SDHB;SDHC;UQCRQ;COX20;NDUFB11;NDUFB10;COX6A1;NDUFV3;NDUFV2;MAP2K3;RHEB;COX17;COX16;UQCRB;ACTG1;ATP5MC3;COX7A2;ATP5MC2;UQCRH;COX14;CYC1;COA4;COA3;NDUFC1;NDUFS8;NDUFS7;NDUFS6;NDUFS5;NDUFS4;NDUFS3;NDUFS2;NDUFS1;NDUFB9;NDUFB7;NDUFB6;NDUFB5;NDUFB4;NDUFB3;NDUFB2;NDUFB1;CPT2;UQCRFS1;COX4I1;COA6;NDUFA8;NDUFA6;NDUFA5;NDUFA4;NDUFA3;NDUFA2;NDUFA1;UQCRHL;RPS6KB2;KRAS;SLC25A20	9	KEGG_2021_Human
Proteasome	38/46	3.07801052465836e-30	9.32637188971484e-29	41.894438976378	2846.86409540444	ADRM1;PSMB9;PSMA6;PSMA7;PSMA4;PSMC6;PSMA5;SEM1;PSMC4;PSMA3;PSMC5;PSMC2;IFNG;PSMC3;PSME2;PSMC1;PSME1;PSMD11;PSMD13;POMP;PSMD14;PSMB10;PSMB7;PSMD9;PSMB8;PSMB5;PSMD7;PSMB6;PSMD8;PSMB3;PSMB4;PSMD6;PSMB1;PSMD3;PSMB2;PSMD4;PSMD2;PSMF1	10	KEGG_2021_Human
Non-alcoholic fatty liver disease	70/155	7.72202284658736e-29	2.12706629319634e-27	7.34794117647059	475.638781869428	TGFB1;SDHB;SDHC;FAS;UQCRQ;UQCRC2;UQCRC1;RELA;NDUFB11;NDUFB10;UQCR10;TNF;UQCR11;COX6A1;NDUFV3;NDUFV2;COX8A;COX7A2L;EIF2S1;UQCRB;COX7A2;UQCRH;CYC1;NDUFC1;COX6C;NDUFS8;NDUFS7;NDUFS6;NDUFS5;NDUFS4;NDUFS3;CYCS;NDUFS2;NDUFS1;COX7C;NDUFB9;COX7B;NDUFB7;NDUFB6;NDUFB5;NDUFB4;NDUFB3;NDUFB2;NDUFB1;ADIPOR1;CASP7;UQCRFS1;COX4I1;MLX;NDUFA8;NDUFA6;NDUFA5;NDUFA4;NDUFA3;NDUFA2;NDUFA1;COX6B1;CDC42;UQCRHL;NDUFAB1;PPARG;COX5A;NDUFA12;NDUFA13;NDUFA10;NDUFA11;PRKAG1;COX5B;RAC1;BID	11	KEGG_2021_Human
Spliceosome	61/150	2.28395338333738e-22	5.76698229292688e-21	6.08666058914659	303.304165698514	PPIL1;CWC15;WBP11;HNRNPM;PHF5A;SNRPA;HNRNPK;SRSF3;HNRNPC;SNRNP27;SNRPF;PPIH;SNRPG;SRSF7;SNRPE;PPIE;SNRPB;SRSF9;SNRPC;SF3B5;SF3B6;SF3B4;SRSF2;MAGOH;SNRPD3;SNRPD2;SNRPD1;TXNL4A;PRPF38A;BUD31;LSM2;LSM6;LSM5;LSM4;LSM3;LSM8;SNW1;LSM7;PCBP1;ZMAT2;DHX15;HSPA8;RBM8A;PQBP1;SNU13;PLRG1;BCAS2;SF3A2;SF3A3;THOC3;SNRNP40;PRPF31;SNRPA1;RBMX;EIF4A3;U2AF2;PUF60;TRA2B;SNRPB2;HNRNPA3;HNRNPA1	12	KEGG_2021_Human
Ribosome	59/158	1.65428393180141e-19	3.85575408719866e-18	5.28421459749157	228.519815615665	RPL22;RPL24;MRPS18C;MRPS18A;RPSA;RPL22L1;RPL27;RPL26L1;RPL12;RPL36AL;RPL15;RPL17;RPS2;MRPL10;RPS26;RPL27A;RPS24;RPL4;RPL35;MRPL17;MRPL18;MRPL15;MRPL16;MRPL13;MRPL14;MRPL11;RPL7;RPL8;MRPL20;RPS16;MRPL21;MRPL4;MRPL3;MRPL2;MRPL9;RPL38;MRPL28;MRPS2;MRPL27;MRPS7;MRPL22;MRPS6;MRPL23;MRPL32;RPL37A;MRPS16;MRPS14;MRPS15;MRPS12;MRPS10;MRPS11;RPS27L;MRPL35;MRPL36;MRPL33;MRPL34;MRPS21;UBA52;RPLP0	13	KEGG_2021_Human
Cell cycle	39/124	1.02216378643252e-10	2.21225448063609e-09	4.03136675645147	92.7372754055477	TGFB1;CDC25B;RBX1;CDC20;MAD2L1;MAD2L2;PCNA;CCND3;CCND2;CHEK1;CDC26;PTTG1;E2F2;PLK1;GADD45G;MAD1L1;ANAPC11;CCNB2;CCNB1;SFN;SKP1;CDC6;MCM4;MCM5;MCM6;MCM7;MCM2;MCM3;YWHAG;YWHAE;YWHAB;YWHAQ;YWHAH;YWHAZ;CCNE2;HDAC1;CDKN1A;CDC45;BUB3	14	KEGG_2021_Human
DNA replication	19/36	2.69128394600055e-10	5.4363935709211e-09	9.76129291306967	215.098216073194	RFC4;RFC2;RPA2;RPA3;RPA1;RNASEH1;POLE3;POLE4;MCM4;MCM5;MCM6;SSBP1;MCM7;RNASEH2A;MCM2;MCM3;PCNA;FEN1;RNASEH2C	15	KEGG_2021_Human
Endocytosis	60/252	4.83169368830836e-10	9.15001992223397e-09	2.7577736318408	59.1560476108837	VPS25;VPS29;VPS28;ARPC5L;RAB11FIP2;AP2S1;MVB12A;SNF8;VPS37A;EHD1;RHOA;RAB7A;ARF4;ARF5;RAB5C;ARF3;ARF1;ARPC1B;CLTB;CLTA;SNX5;SNX3;SNX1;CCR5;SNX6;RAB11A;RAB11B;ARF6;RAB8A;HRAS;SH3GLB1;CAPZA2;CAPZA1;CHMP4B;STAMBP;VTA1;ARPC5;ARPC3;ARPC2;CHMP2B;CHMP2A;RAB5A;CHMP5;CHMP6;TSG101;SH3KBP1;CHMP1A;WASHC1;WASHC3;AP2M1;ACTR3;HSPA8;EPN1;VPS4A;GRK6;CAPZB;CDC42;IL2RA;WIPF1;ARRB2	16	KEGG_2021_Human
Spinocerebellar ataxia	41/143	8.17683316166486e-10	1.45740026352027e-08	3.53186636902173	73.9027002985718	PSMC6;PSMC4;PSMC5;PSMC2;PSMC3;PSMC1;GTF2B;PSMD9;PSMD7;PSMD8;PSMD6;PSMD3;PSMD4;NRBF2;PSMD2;SEM1;WIPI1;WIPI2;CYCS;PSMD11;PSMD13;PSMD14;ATG101;ADRM1;PSMA6;PSMA7;PSMA4;PSMA5;PSMA3;VDAC3;VDAC2;VDAC1;SLC25A5;BECN1;PSMB7;PSMB5;PSMB6;PSMB3;PSMB4;PSMB1;PSMB2	17	KEGG_2021_Human
Retrograde endocannabinoid signaling	41/148	2.52595910264911e-09	4.252031156126e-08	3.36588163222065	66.6331637975726	NDUFB11;NDUFB10;GNG2;GNG5;NDUFV3;NDUFV2;GNB1;GNB2;GNG10;NDUFC1;NDUFS8;NDUFS7;NDUFS6;NDUFS5;NDUFS4;NDUFS3;NDUFS2;NDUFS1;NDUFB9;NDUFB7;NDUFB6;NDUFB5;NDUFB4;NDUFB3;NDUFB2;NDUFB1;NDUFA8;NDUFA6;NDUFA5;NDUFA4;NDUFA3;NDUFA2;NDUFA1;NDUFAB1;NDUFA12;NDUFA13;NDUFA10;NDUFA11;GNAI2;GNAI3;MAPK1	18	KEGG_2021_Human
Human immunodeficiency virus 1 infection	50/212	1.84157367053348e-08	2.93682537985076e-07	2.71482703825938	48.3512332069548	BAD;AP1S1;AP1B1;CD4;CALM3;CALM1;RNF7;GNG2;CHEK1;GNG5;APOBEC3F;APOBEC3C;GNG10;AP1S2;SKP1;BST2;CD3D;AP1M1;CCR5;GNAI2;GNAI3;ELOB;ELOC;HRAS;RAC1;RAC2;BID;RBX1;FAS;RELA;TNF;PAK2;CFL1;MAP2K3;MYD88;GNB1;GNB2;BCL2L1;PXN;CCNB2;CCNB1;TNFRSF1B;CUL4A;CYCS;TRADD;CASP9;RPS6KB2;KRAS;BAK1;MAPK1	19	KEGG_2021_Human
Salmonella infection	55/249	4.14910971337693e-08	6.28590121576605e-07	2.4954081502136	42.4164161146329	PFN1;RALA;ARPC5L;MYL12B;ACTB;S100A10;MYL12A;TXN;SKP1;GSDMD;RHOA;ANXA2;RHOG;RAB7A;RAB5C;ARF1;ARPC1B;ACTR1A;SNX9;DYNC1I2;DYNLL1;TUBB4B;ARF6;TUBA1A;TUBA1B;HRAS;RAC1;TUBA4A;ABI1;RELA;TNF;PYCARD;FLNA;MAP2K3;ARPC5;MYD88;ARPC3;ARPC2;DYNLRB1;RAB5A;TXN2;ACTG1;ACTR3;CYCS;TRADD;BRK1;CASP7;CDC42;DYNLT1;GAPDH;DCTN3;DCTN2;DCTN5;BAK1;MAPK1	20	KEGG_2021_Human
Protein processing in endoplasmic reticulum	42/171	7.38394251335096e-08	1.0653974197835e-06	2.85782762258612	46.9294534518727	RBX1;NSFL1C;DNAJB11;PREB;UBE2D3;UBE2D1;UBE2D2;RNF5;CAPN1;CAPN2;EIF2S1;VCP;HSPBP1;BAG1;SKP1;SEC13;EIF2AK2;HSPA8;SSR3;EIF2AK1;RAD23A;UBE2G1;SAR1A;SAR1B;SEC61G;SEC61B;SSR1;SSR2;UBXN8;BCAP31;DNAJA1;DAD1;P4HB;STUB1;ERO1A;DERL2;DERL1;LMAN2;UBQLN1;BAK1;UFD1;FBXO6	21	KEGG_2021_Human
RNA transport	44/186	1.17606171933343e-07	1.6197577316274e-06	2.72052055670648	43.4084201149899	UBE2I;EIF1AX;UPF3A;NUP93;EIF1B;RAN;MAGOH;SAP18;SNUPN;PYM1;EIF2S2;EIF1;EIF2S1;RNPS1;GEMIN7;POP7;EIF4EBP1;POP4;RPP30;PHAX;EIF4EBP2;EIF2B2;EIF2B1;SEC13;ELAC2;NUP54;EIF4E2;STRAP;RBM8A;EIF4E;THOC3;RANGAP1;THOC7;EIF3J;EIF3H;EIF3I;EIF3F;EIF3G;EIF3D;EIF4A3;NXT1;SUMO2;SUMO1;SUMO3	22	KEGG_2021_Human
Epstein-Barr virus infection	46/202	2.03479048693451e-07	2.6806152936572e-06	2.58945221445221	39.897510114851	ENTPD1;PSMC6;PSMC4;PSMC5;PSMC2;PSMC3;VIM;PSMC1;PSMD7;PSMD8;PSMD6;PSMD3;PSMD4;E2F2;PSMD2;GADD45G;SNW1;FCER2;CD3D;CCNE2;CDKN1A;RAC1;CD58;BID;FAS;RELA;TNF;CCND3;CCND2;MAP2K3;ISG15;MYD88;SEM1;EIF2AK2;OAS1;NFKBIB;CYCS;IRF7;PSMD11;PSMD13;PSMD14;TRADD;CASP9;ADRM1;HDAC1;BAK1	23	KEGG_2021_Human
Pyruvate metabolism	18/47	4.13163777009208e-07	5.05439797966006e-06	5.41470054446461	79.5929670509952	ACYP1;MDH2;PDHA1;AKR1A1;GRHPR;PKM;HAGH;DLD;FH;GLO1;ACAT1;PDHB;ACAT2;ADH5;LDHB;LDHA;MDH1;PCK2	24	KEGG_2021_Human
Shigellosis	52/246	4.17029536275583e-07	5.05439797966006e-06	2.35578760230094	34.6067761574766	ACTN4;RRAGA;PFN1;TIFA;ARPC5L;MYL12B;ACTB;GABARAPL2;MYL12A;GABARAP;SKP1;RHOA;ARF1;ARPC1B;HCLS1;UBE2V2;ARF6;RAC1;RBX1;PPID;UBE2N;RELA;CSF2;UBE2D3;UBE2D1;UBE2D2;TNF;PYCARD;CAPN1;CAPN2;ARPC5;MYD88;ARPC3;ARPC2;BCL2L1;PXN;ACTG1;ACTR3;CBX3;WIPI1;WIPI2;TNIP1;NFKBIB;CYCS;ILK;TRADD;CDC42;RPS6KB2;VDAC1;UBA52;BECN1;MAPK1	25	KEGG_2021_Human
Glycolysis / Gluconeogenesis	22/67	5.13163538486362e-07	5.98032892928337e-06	4.26942274305556	61.8326460324747	PDHA1;TPI1;AKR1A1;ALDOA;GPI;PDHB;LDHB;LDHA;PGK1;PCK2;PGAM1;BPGM;PKM;PFKL;DLD;GALM;GAPDH;PFKP;ENO1;ENO2;ADH5;PGM2	26	KEGG_2021_Human
Apoptosis	35/142	8.02387522428063e-07	9.00457108502604e-06	2.86484190222508	40.209987432999	BAD;TUBA4A;FAS;RELA;TNF;LMNA;ACTB;CAPN1;CAPN2;GADD45G;EIF2S1;BCL2L1;BIRC5;ACTG1;HTRA2;CTSB;PTPN13;IL3RA;CYCS;TRADD;CTSZ;CASP9;CASP6;CASP7;CTSL;CTSH;KRAS;BECN1;TUBA1A;TUBA1B;AIFM1;BAK1;HRAS;MAPK1;BID	27	KEGG_2021_Human
RNA degradation	23/79	3.03416842416607e-06	3.28340368757971e-05	3.58627608346709	45.5656931731464	CNOT7;CNOT9;MPHOSPH6;BTG3;TOB1;EXOSC8;EXOSC3;EXOSC1;LSM2;LSM1;LSM6;LSM5;LSM4;LSM3;LSM8;LSM7;PFKL;C1D;WDR61;PFKP;ENO1;ENO2;DCPS	28	KEGG_2021_Human
Citrate cycle (TCA cycle)	13/30	3.30791056052364e-06	3.45619620634021e-05	6.65929823558008	84.0349751299464	IDH3G;MDH2;PDHA1;SDHB;SDHC;DLD;SUCLG1;FH;DLST;PDHB;MDH1;PCK2;IDH3B	29	KEGG_2021_Human
RNA polymerase	13/31	5.15764563088657e-06	5.16847263424617e-05	6.28898611786312	76.5685968914276	POLR3GL;POLR1D;POLR3K;POLR2C;POLR2D;POLR2E;POLR2F;POLR2G;POLR2H;POLR2I;POLR2J;POLR2K;POLR2L	30	KEGG_2021_Human
Cardiac muscle contraction	24/87	5.28787629246308e-06	5.16847263424617e-05	3.32672345575571	40.4200021994329	TPM4;TPM3;CACNA2D4;COX6C;UQCRQ;UQCRC2;UQCRC1;COX7C;COX7B;UQCR10;UQCR11;COX6A1;UQCRFS1;COX4I1;COX8A;COX7A2L;COX6B1;UQCRHL;COX5A;UQCRB;COX5B;COX7A2;UQCRH;CYC1	31	KEGG_2021_Human
Vibrio cholerae infection	17/50	5.84627297979945e-06	5.40954540939295e-05	4.49082643286248	54.1131390987182	ATP6V1E1;ATP6V0D1;ARF1;KDELR2;ACTB;SEC61G;SEC61B;ATP6V1G1;ATP6V0C;ATP6V0E1;ATP6V0B;ATP6V1B2;ATP6V1D;ERO1A;ACTG1;ATP6V1F;ATP6V1C1	32	KEGG_2021_Human
Protein export	11/23	5.89158410923985e-06	5.40954540939295e-05	7.97709243969565	96.0600326677864	SRP19;SRP9;SEC11A;SRP68;SRP14;SPCS3;SPCS2;SPCS1;SEC61G;SEC61B;SEC11C	33	KEGG_2021_Human
Autophagy	32/137	7.9211438622696e-06	7.05913703019909e-05	2.66554511893079	31.3094261564382	ATG9A;SH3GLB1;BAD;RRAGA;RAB1A;TANK;NRBF2;ATG3;GABARAPL2;EIF2S1;VAMP8;RHEB;BCL2L1;GABARAP;CTSB;WIPI1;WIPI2;RAB7A;HMGB1;ATG101;CTSL;SNAP29;IGBP1;PPP2CA;RPS6KB2;DDIT4;KRAS;BECN1;MTMR14;RAB8A;HRAS;MAPK1	34	KEGG_2021_Human
Pathogenic Escherichia coli infection	41/197	9.99670215818549e-06	8.65428786837201e-05	2.30230251102602	26.5069965954294	ARPC5L;ACTB;MYO5A;RHOA;ARF1;ARPC1B;TUBB4B;HCLS1;ARF6;TUBA1A;TUBA1B;RAC1;TUBA4A;ABI1;FAS;RAB1A;RELA;TNF;PYCARD;PAK2;F2R;ARPC5;SLC9A3R1;MYD88;ARPC3;ARPC2;ACTG1;ACTR3;NFKBIB;CYCS;TMBIM6;TRADD;BRK1;CASP9;CASP7;CDC42;MYO1C;GAPDH;WIPF1;BAK1;MAPK1	35	KEGG_2021_Human
Ubiquitin mediated proteolysis	32/140	1.27475558001774e-05	0.000107291927984827	2.59106604150765	29.2017573774027	UBE2I;UBE2A;UBE2B;RBX1;CDC20;UBE2S;UBE2N;KEAP1;UBE2D3;UBE2D1;UBE2D2;RNF7;UBE2L3;CDC26;UBA3;UBA2;UBA1;SAE1;AIRE;ANAPC11;SKP1;UBE2G1;CUL4A;SOCS1;UBE2Q2;UBE2Q1;UBE2E3;UBE2E1;STUB1;UBA52;ELOB;ELOC	36	KEGG_2021_Human
Viral carcinogenesis	41/203	2.1188862388859e-05	0.000173519602806061	2.21628364030204	23.8517218261696	ACTN4;BAD;MRPS18B;CDC20;HNRNPK;PSMC1;ATP6V0D1;CHEK1;CREB3L3;SNW1;RHOA;CCR5;RANBP1;CCNE2;CDKN1A;HRAS;RAC1;RELA;GTF2B;GTF2E2;CCND3;CCND2;MAD1L1;PXN;EIF2AK2;IRF7;GTF2A2;YWHAG;YWHAE;YWHAB;TRADD;YWHAQ;YWHAH;YWHAZ;CDC42;PKM;VDAC3;KRAS;HDAC1;BAK1;MAPK1	37	KEGG_2021_Human
HIF-1 signaling pathway	25/109	0.000102515284538173	0.000817424505659641	2.597217371056	23.8567366635315	RBX1;RELA;PDHB;EIF4EBP1;ENO1;ENO2;HMOX1;PDHA1;IFNG;ALDOA;EIF4E2;LDHB;LDHA;MKNK1;PGK1;TIMP1;EIF4E;PFKL;RPS6KB2;GAPDH;PFKP;CDKN1A;ELOB;ELOC;MAPK1	38	KEGG_2021_Human
Pentose phosphate pathway	11/30	0.00011987531286086	0.00093133896914976	5.03619539377828	45.4721023991314	GLYCTK;TALDO1;PGD;PFKL;ALDOA;TKT;GPI;PFKP;PRPS1;PGLS;PGM2	39	KEGG_2021_Human
Pancreatic cancer	19/76	0.000206645080248099	0.00156533648287935	2.9047619047619	24.6454751091486	TGFB1;RALBP1;BAD;RELA;RALB;RALA;ARAF;CASP9;E2F2;GADD45G;CDC42;RPS6KB2;BCL2L1;KRAS;CDKN1A;BAK1;MAPK1;RAC1;RAC2	40	KEGG_2021_Human
Hepatitis C	31/157	0.000310162349628073	0.00229217541310503	2.14828308305503	17.3547216144857	MX1;BAD;PPP2R1A;TICAM1;FAS;RELA;TNF;ARAF;E2F2;EIF2S1;EIF2AK2;EIF2AK1;OAS1;IFNG;CYCS;IRF7;YWHAG;YWHAE;YWHAB;TRADD;CASP9;YWHAQ;YWHAH;YWHAZ;PPP2CA;KRAS;CDKN1A;BAK1;HRAS;MAPK1;BID	41	KEGG_2021_Human
Cysteine and methionine metabolism	14/50	0.000398536351272589	0.00283041665024264	3.38461954172071	26.493826472932	GSS;ADI1;AMD1;APIP;LDHB;LDHA;MDH2;GOT1;TST;SMS;BCAT2;MAT2B;MDH1;ENOPH1	42	KEGG_2021_Human
Colorectal cancer	20/86	0.000401676290298461	0.00283041665024264	2.64065040650407	20.6495271606414	TGFB1;RHOA;BAD;MSH6;CYCS;RALB;RALA;ARAF;CASP9;GADD45G;RPS6KB2;BIRC5;KRAS;CDKN1A;BAK1;HRAS;MAPK1;RAC1;RAC2;APPL1	43	KEGG_2021_Human
Pyrimidine metabolism	15/56	0.00042369203236863	0.00291769740472034	3.18479615453089	24.7347311350993	ENTPD1;DUT;UCKL1;NME2;DCTPP1;TYMP;DTYMK;TYMS;PNP;NT5C;TK1;RRM1;DCTD;CMPK1;UPP1	44	KEGG_2021_Human
Renal cell carcinoma	17/69	0.000525791186257565	0.00354032732080094	2.84692195286448	21.495987141362	TGFB1;BAD;RBX1;PRCC;ARAF;PAK2;RAP1A;RAP1B;CDC42;KRAS;FH;CDKN1A;ELOB;ELOC;HRAS;MAPK1;RAC1	45	KEGG_2021_Human
Tight junction	32/169	0.000543040005977419	0.00357698090893822	2.03926849709533	15.3318885539667	ACTN4;PPP2R1A;TUBA4A;MYL6;PCNA;ARPC5L;MYL12B;ACTB;ARPC5;SLC9A3R1;VASP;MYL12A;ARPC3;ARPC2;ACTG1;MYL6B;ACTR3;RHOA;RDX;AFDN;NF2;ARPC1B;RAP1A;CDC42;PPP2CA;HCLS1;WAS;PRKAG1;TUBA1A;TUBA1B;RAB8A;RAC1	46	KEGG_2021_Human
Ferroptosis	12/41	0.000658939453271067	0.00416835375914737	3.59927616366744	26.3642620422057	GPX4;PRNP;GSS;VDAC3;VDAC2;FTL;PCBP1;MAP1LC3B;PCBP2;FTH1;HMOX1;SLC39A8	47	KEGG_2021_Human
Oocyte meiosis	26/129	0.000660333268775821	0.00416835375914737	2.20157505747345	16.121618752091	PPP2R1A;PPP1CA;RBX1;CDC20;CALM3;MAD2L1;CALM1;MAD2L2;PPP1CC;CDC26;PTTG1;PLK1;MAD1L1;ANAPC11;CCNB2;CCNB1;SKP1;YWHAG;YWHAE;YWHAB;YWHAQ;YWHAH;YWHAZ;PPP2CA;CCNE2;MAPK1	48	KEGG_2021_Human
Bacterial invasion of epithelial cells	18/77	0.000718920641233674	0.00438389803297698	2.65700267618198	19.2307465739954	ACTR3;RHOA;RHOG;MAD2L2;ILK;ARPC1B;ARPC5L;CLTB;CLTA;ACTB;ARPC5;CDC42;ARPC3;ARPC2;HCLS1;PXN;ACTG1;RAC1	49	KEGG_2021_Human
Nucleotide excision repair	13/47	0.000723415516992902	0.00438389803297698	3.32648917612743	24.0555955891181	RFC4;RFC2;RPA2;RPA3;RAD23A;RPA1;GTF2H5;RBX1;CUL4A;ERCC1;POLE3;POLE4;PCNA	50	KEGG_2021_Human
Yersinia infection	27/137	0.00075591023064021	0.00449099607615654	2.14096916299559	15.3884041173923	TICAM1;CD4;RELA;ARPC5L;TNF;ACTB;PYCARD;MAP2K3;ARPC5;MYD88;ARPC3;ARPC2;PXN;ACTG1;ACTR3;RHOA;RHOG;LAT;ARPC1B;CDC42;LCK;ARF6;WIPF1;WAS;MAPK1;RAC1;RAC2	51	KEGG_2021_Human
Folate biosynthesis	9/26	0.000812826519943721	0.00473627760659514	4.60133573079887	32.7384708425171	CBR1;GGH;DHFR;QDPR;MOCS2;AKR1B1;PTS;PCBD2;PCBD1	52	KEGG_2021_Human
Human T-cell leukemia virus 1 infection	38/219	0.00101634079121956	0.00581040112716086	1.83381367729586	12.6378123424555	CDC20;CD4;RAN;CHEK1;CDC26;CREB3L3;E2F2;FOSL1;ANAPC11;CD3D;RANBP1;CCNE2;CDKN1A;HRAS;TSPO;TGFB1;MAD2L1;RELA;CSF2;TNF;CCND3;ZFP36;CCND2;PTTG1;FDPS;BCL2L1;MAD1L1;CCNB2;LCK;IL2RA;LTA;VDAC3;VDAC2;KRAS;VDAC1;SLC25A5;MAPK1;BUB3	53	KEGG_2021_Human
Collecting duct acid secretion	9/27	0.00110827429922915	0.00621865023456359	4.34546336729743	29.5706659768761	ATP6V1G1;ATP6V0C;ATP6V0E1;ATP6V1E1;ATP6V1B2;ATP6V1D;ATP6V0D1;ATP6V1F;ATP6V1C1	54	KEGG_2021_Human
Rheumatoid arthritis	20/93	0.0011551458519634	0.00636380351172564	2.38650183762112	16.1411735859753	TGFB1;ATP6V1E1;CCL20;IFNG;CD28;CD86;ATP6V0D1;CSF2;TNF;CTSL;CTLA4;ATP6V1G1;ATP6V0C;ATP6V0E1;ATP6V0B;IL17A;ATP6V1B2;ATP6V1D;ATP6V1F;ATP6V1C1	55	KEGG_2021_Human
Vasopressin-regulated water reabsorption	12/44	0.00131282152401454	0.00710330217457866	3.26129737609329	21.6405886288727	DYNLL1;RAB11A;RAB11B;RAB5A;RAB5C;DCTN2;DCTN5;AQP3;ARHGDIA;ARHGDIB;CREB3L3;DYNC1I2	56	KEGG_2021_Human
Mismatch repair	8/23	0.00152870305749422	0.00812626362141664	4.63368897510508	30.0417605892108	PCNA;RFC4;RFC2;RPA2;RPA3;RPA1;MSH6;SSBP1	57	KEGG_2021_Human
Glutathione metabolism	14/57	0.00163930334177268	0.0084187951280868	2.83252646819292	18.1663629538903	GPX4;GPX7;GSS;LAP3;CHAC2;RRM1;GSTO1;PGD;GGCT;SMS;GSTP1;TXNDC12;PRDX6;GGT1	58	KEGG_2021_Human
Legionellosis	14/57	0.00163930334177268	0.0084187951280868	2.83252646819292	18.1663629538903	HSPA8;CYCS;RAB1A;RAB1B;RELA;SAR1A;SAR1B;ARF1;TNF;PYCARD;CASP9;CASP7;MYD88;VCP	58	KEGG_2021_Human
Measles	26/139	0.00205353314168982	0.0103703423655336	2.0056197287983	12.4111629402894	MX1;BAD;FAS;SLAMF1;RELA;CCND3;CCND2;EIF2S1;MYD88;BCL2L1;EIF2AK2;HSPA8;EIF2AK1;OAS1;NFKBIB;CD28;CYCS;IRF7;TRADD;CD3D;CASP9;CCNE2;IL2RA;EIF3H;BAK1;BID	60	KEGG_2021_Human
mRNA surveillance pathway	20/98	0.00225072784868114	0.0111798448877112	2.23289555972483	13.6128514122792	CPSF6;PPP2R1A;UPF3A;PPP1CA;SSU72;MAGOH;PPP1CC;SAP18;PYM1;RNPS1;PELO;CSTF1;ETF1;DAZAP1;RBM8A;PPP2R3C;PPP2CA;NUDT21;EIF4A3;NXT1	61	KEGG_2021_Human
Glyoxylate and dicarboxylate metabolism	9/30	0.00254298625929934	0.0124278199446403	3.72405905593678	22.249078738275	MDH2;GLYCTK;GRHPR;CAT;DLD;SHMT1;ACAT1;ACAT2;MDH1	62	KEGG_2021_Human
Cellular senescence	28/156	0.00266128931480877	0.0127995343236041	1.9070457884427	11.3067687698491	TGFB1;PPP1CA;CALM3;CALM1;PPID;RELA;PPP1CC;CCND3;CCND2;CHEK1;E2F2;CAPN1;CAPN2;MAP2K3;GADD45G;RHEB;EIF4EBP1;CCNB2;CCNB1;CCNE2;VDAC3;VDAC2;KRAS;VDAC1;SLC25A5;CDKN1A;HRAS;MAPK1	63	KEGG_2021_Human
p53 signaling pathway	16/73	0.00282194082130612	0.0133601260758712	2.44254257845197	14.3385319424243	FAS;CYCS;CASP9;CCND3;CCND2;CHEK1;PERP;GADD45G;CCNE2;BCL2L1;SIVA1;CDKN1A;CCNB2;CCNB1;SFN;BID	64	KEGG_2021_Human
Amino sugar and nucleotide sugar metabolism	12/48	0.00293872091960688	0.0136989605944751	2.89828312277292	16.8963554576171	PMM1;GALK1;GALE;GPI;CMAS;UXS1;CYB5R3;NANS;UGP2;GMPPA;GMPPB;PGM2	65	KEGG_2021_Human
Necroptosis	28/159	0.00352447892505763	0.0161805623377646	1.86305896778342	10.5225992973685	TICAM1;PPIA;FAS;CHMP4B;PPID;TNF;PYCARD;CAPN1;CAPN2;CHMP2B;CHMP2A;FTL;CHMP5;CHMP6;FTH1;CHMP1A;EIF2AK2;GLUD1;IFNG;VPS4A;TRADD;HMGB1;VDAC3;VDAC2;VDAC1;SLC25A5;AIFM1;BID	66	KEGG_2021_Human
Phagosome	27/152	0.00363964214685925	0.0164598741865426	1.88246696035242	10.5716895657422	ATP6V1E1;TUBA4A;ATP6V0D1;ACTB;ATP6V0C;ATP6V0B;CYBA;RAB5A;ATP6V1B2;ATP6V1D;NCF4;ACTG1;CORO1A;ATP6V1F;ATP6V1C1;RAB7A;RAB5C;CTSL;SEC61G;SEC61B;DYNC1I2;ATP6V1G1;ATP6V0E1;TUBB4B;TUBA1A;TUBA1B;RAC1	67	KEGG_2021_Human
T cell receptor signaling pathway	20/104	0.0046115625450204	0.0205485801638409	2.07270615563298	11.1494771837143	CD4;PDCD1;RELA;CSF2;TNF;PAK2;MAP3K8;RHOA;NFKBIB;IFNG;CD28;LAT;CD3D;CTLA4;CDC42;LCK;KRAS;CD40LG;HRAS;MAPK1	68	KEGG_2021_Human
Fatty acid elongation	8/27	0.00475536288999792	0.0208822457343387	3.65735872173158	19.5613182721283	ELOVL1;ELOVL6;TECR;ACOT7;ECHS1;HACD4;ACAA2;HADH	69	KEGG_2021_Human
Kaposi sarcoma-associated herpesvirus infection	32/193	0.00496830457336033	0.0215056612246883	1.73293754076277	9.19267327233558	CALM3;CALM1;GNG2;GNG5;E2F2;ATG3;GABARAPL2;GABARAP;GNG10;CCR5;CDKN1A;HRAS;RAC1;BID;TICAM1;FAS;CD86;RELA;CSF2;ZFP36;GNB1;GNB2;EIF2AK2;CYCS;IRF7;TRADD;CASP9;KRAS;UBA52;BECN1;BAK1;MAPK1	70	KEGG_2021_Human
Base excision repair	9/33	0.00515907425479636	0.022016894354976	3.2580058224163	17.1599105532449	APEX2;POLE3;POLE4;PCNA;FEN1;MPG;OGG1;HMGB1;UNG	71	KEGG_2021_Human
Influenza A	29/172	0.0057134649177493	0.024044164862195	1.76734632344627	9.1282193811892	MX1;TICAM1;FAS;RELA;TNF;ACTB;PYCARD;CCND3;FDPS;EIF2S1;MYD88;ACTG1;EIF2AK2;OAS1;NFKBIB;IFNG;CYCS;IRF7;TRADD;CASP9;RAB11A;RAB11B;HNRNPUL1;VDAC1;SLC25A5;NXT1;BAK1;MAPK1;BID	72	KEGG_2021_Human
Propanoate metabolism	9/34	0.00638396013664944	0.0264978071425313	3.12751091703057	15.8063359131954	ECHDC1;DLD;SUCLG1;ACAT1;ECHS1;ACAT2;LDHB;LDHA;ACADS	73	KEGG_2021_Human
Longevity regulating pathway	19/102	0.00803799596444059	0.0329123348273716	1.99193458377635	9.60824682605796	RELA;CREB3L3;RHEB;EIF4EBP1;EIF4EBP2;HSPA8;EIF4E2;ADIPOR1;ATG101;EIF4E;SOD1;CAT;RPS6KB2;PPARG;KRAS;HDAC1;PRKAG1;HRAS;APPL1	74	KEGG_2021_Human
Mitophagy	14/68	0.00894274107482845	0.036128673942307	2.25414324830667	10.6325978822884	ATG9A;RAB7A;OPTN;RELA;CITED2;FUNDC1;FIS1;GABARAPL2;BCL2L1;KRAS;UBA52;BECN1;GABARAP;HRAS	75	KEGG_2021_Human
PD-L1 expression and PD-1 checkpoint pathway in cancer	17/89	0.00917824483120298	0.036592212945454	2.05381014233912	9.6342576095368	TICAM1;BATF;NFKBIB;CD4;IFNG;CD28;PDCD1;LAT;RELA;CD3D;MAP2K3;MYD88;LCK;RPS6KB2;KRAS;HRAS;MAPK1	76	KEGG_2021_Human
Fatty acid degradation	10/43	0.0108801678100585	0.0428141668369834	2.63268608414239	11.90188309046	ACADVL;ACAT1;ECHS1;ACAT2;ADH5;CPT2;ACAA2;ACAA1;HADH;ACADS	77	KEGG_2021_Human
Cytosolic DNA-sensing pathway	13/63	0.0113070390889238	0.0430096210615123	2.25999027710258	10.1300218096612	POLR3GL;NFKBIB;IRF7;POLR3K;RELA;PYCARD;AIM2;POLR1D;POLR2E;POLR2F;POLR2H;POLR2K;POLR2L	78	KEGG_2021_Human
Thyroid cancer	9/37	0.0114154819774972	0.0430096210615123	2.79195258889582	12.4878030369393	TPM3;GADD45G;PPARG;KRAS;CDKN1A;TFG;BAK1;HRAS;MAPK1	79	KEGG_2021_Human
NOD-like receptor signaling pathway	29/181	0.0115139024927492	0.0430096210615123	1.66185951159133	7.41887333359471	TICAM1;TRIP6;RELA;TNF;TANK;PYCARD;GABARAPL2;NEK7;CYBA;MYD88;BCL2L1;CARD16;TXN2;GABARAP;TXN;CTSB;GSDMD;RHOA;OAS1;NFKBIB;IRF7;YWHAE;PSTPIP1;AIM2;SUGT1;VDAC3;VDAC2;VDAC1;MAPK1	80	KEGG_2021_Human
Epithelial cell signaling in Helicobacter pylori infection	14/70	0.0115431989317197	0.0430096210615123	2.17339494163424	9.69694678138095	ATP6V1E1;RELA;ATP6V0D1;ATP6V1G1;ATP6V0C;ATP6V0E1;ATP6V0B;CDC42;HBEGF;ATP6V1B2;ATP6V1D;RAC1;ATP6V1F;ATP6V1C1	81	KEGG_2021_Human
Galactose metabolism	8/31	0.0116395674159868	0.0430096210615123	3.02062159996626	13.4518701019546	GALK1;GALE;PFKL;GALM;PFKP;AKR1B1;UGP2;PGM2	82	KEGG_2021_Human
Purine metabolism	22/129	0.0129420234363533	0.0470673995590147	1.78932717581776	7.77869842816494	ENTPD1;PNP;NT5C;ITPA;HPRT1;AK2;AK3;AK6;DGUOK;NME2;ADA;ADSL;RRM1;APRT;PKM;IMPDH1;GMPR2;PRPS1;NUDT5;GUK1;PDE6D;PGM2	83	KEGG_2021_Human
Synaptic vesicle cycle	15/78	0.0130483879965585	0.0470673995590147	2.07009616498668	8.98233497208047	ATP6V1E1;ATP6V0D1;NAPA;CLTB;CLTA;AP2S1;ATP6V1G1;ATP6V0C;ATP6V0E1;ATP6V0B;ATP6V1B2;ATP6V1D;ATP6V1F;ATP6V1C1;AP2M1	84	KEGG_2021_Human
Lipid and atherosclerosis	33/215	0.0137807617081906	0.0491243623244913	1.57979575652624	6.76860606950382	BAD;CALM3;CALM1;RHOA;RAP1A;RAP1B;PPARG;CD40LG;ERO1A;HRAS;RAC1;BID;TICAM1;FAS;RELA;TNF;TANK;PYCARD;MAP2K3;CYBA;EIF2S1;MYD88;BCL2L1;NCF4;HSPA8;CYCS;IRF7;CASP9;CASP6;CASP7;CDC42;KRAS;MAPK1	85	KEGG_2021_Human
Coronavirus disease	35/232	0.0147362589189417	0.0519196099120852	1.54817346187905	6.52933523247836	MX1;RPL22;RPL24;RPL22L1;RPL27;RPL12;RPL36AL;RPL15;RPL17;RPS26;RPL27A;RPS24;RPL4;RPL35;RPL7;RPL8;RPS16;RPL38;RPS27L;HBEGF;RPLP0;RPSA;RPL26L1;RELA;CSF2;TNF;RPS2;ISG15;MYD88;EIF2AK2;OAS1;NFKBIB;RPL37A;UBA52;MAPK1	86	KEGG_2021_Human
Basal transcription factors	10/45	0.0149791916404055	0.0521689088165847	2.48196948682386	10.4269852948794	TAF12;TAF10;GTF2H5;TAF9;TAF7;TAF6;TAF2;GTF2A2;GTF2B;GTF2E2	87	KEGG_2021_Human
Hepatitis B	26/162	0.0157544603753863	0.0539644077175688	1.66428283642224	6.90782519076538	TGFB1;BAD;TICAM1;FAS;PCNA;RELA;TNF;ARAF;CREB3L3;E2F2;MAP2K3;MYD88;BIRC5;CYCS;IRF7;YWHAB;CASP9;YWHAQ;YWHAZ;CCNE2;VDAC3;KRAS;CDKN1A;HRAS;MAPK1;BID	88	KEGG_2021_Human
Fluid shear stress and atherosclerosis	23/139	0.0158509316398139	0.0539644077175688	1.72549399457575	7.15135645204761	CALM3;CALM1;RELA;KEAP1;TNF;ACTB;CYBA;TXN2;ACTG1;TXN;HMOX1;RHOA;IFNG;CTSL;NQO1;GSTO1;KLF2;GSTP1;SUMO2;SUMO1;SUMO3;RAC1;RAC2	89	KEGG_2021_Human
VEGF signaling pathway	12/59	0.016334844657431	0.054993977013351	2.2185968612369	9.12831638023707	BAD;MAPKAPK3;SH2D2A;HSPB1;CASP9;CDC42;KRAS;PXN;HRAS;MAPK1;RAC1;RAC2	90	KEGG_2021_Human
Fructose and mannose metabolism	8/33	0.0170200327431381	0.0566710980348445	2.77866149369544	11.3185003413523	TPI1;PMM1;PFKL;ALDOA;PFKP;AKR1B1;GMPPA;GMPPB	91	KEGG_2021_Human
Biosynthesis of unsaturated fatty acids	7/27	0.0174209961908722	0.0573756722373292	3.03853611245759	12.3063116722566	ELOVL1;ELOVL6;TECR;ACOT7;HACD4;SCP2;ACAA1	92	KEGG_2021_Human
Acute myeloid leukemia	13/67	0.0186246237834535	0.0606802258751228	2.09211545040422	8.33346220487833	DUSP6;BAD;RARA;RELA;CSF2;ARAF;RPS6KB2;KRAS;EIF4EBP1;PIM2;PIM1;HRAS;MAPK1	93	KEGG_2021_Human
Fanconi anemia pathway	11/54	0.020762652394189	0.0669264220791413	2.22231383489389	8.61057599394856	CENPX;RMI2;RAD51C;UBE2T;SLX1B;FAAP24;RPA2;RPA3;RPA1;FANCG;ERCC1	94	KEGG_2021_Human
Valine, leucine and isoleucine degradation	10/48	0.0231399446366776	0.0738042444727716	2.28564128768523	8.6081706746366	DLD;BCAT2;ACAT1;ECHS1;HSD17B10;ACAT2;ACAA2;ACAA1;HADH;ACADS	95	KEGG_2021_Human
Leukocyte transendothelial migration	19/114	0.024805039166228	0.0782909048684072	1.73915163334959	6.42913654625276	ACTN4;MYL12B;ACTB;CYBA;VASP;MYL12A;PXN;NCF4;ACTG1;CD99;RHOA;AFDN;RAP1A;RAP1B;CDC42;GNAI2;GNAI3;RAC1;RAC2	96	KEGG_2021_Human
mTOR signaling pathway	24/154	0.0272239779621746	0.0850398486859681	1.60613579968419	5.78796276046479	ATP6V1E1;RRAGA;TNF;RHEB;ATP6V1B2;ATP6V1D;EIF4EBP1;ATP6V1F;ATP6V1C1;RHOA;SEC13;EIF4E2;EIF4E;ATP6V1G1;RPS6KB2;DDIT4;TBC1D7;LAMTOR1;KRAS;LAMTOR2;LAMTOR5;LAMTOR4;HRAS;MAPK1	97	KEGG_2021_Human
Tuberculosis	27/180	0.031268196209412	0.096676157667876	1.5355446143215	5.32089824549217	TGFB1;BAD;CALM3;CALM1;RELA;ATP6V0D1;TNF;ATP6V0C;ATP6V0B;RFXANK;MYD88;RAB5A;CORO1A;RHOA;VDR;IFNG;CYCS;RAB7A;RAB5C;TRADD;CASP9;NFYC;CEBPB;LSP1;CEBPG;MAPK1;BID	98	KEGG_2021_Human
Human papillomavirus infection	45/331	0.0348580574327533	0.106686781839639	1.37094017094017	4.60152087887415	ATP6V1E1;MX1;BAD;PPP2R1A;PSMC1;ATP6V0D1;CREB3L3;TUBG1;ATP6V1B2;ATP6V1C1;ATP6V1G1;ATP6V0E1;BCAP31;PPP2CA;CCNE2;CDKN1A;HRAS;TICAM1;MFNG;FAS;RELA;TNF;CCND3;CCND2;ATP6V0C;ATP6V0B;ISG15;SLC9A3R1;RHEB;TADA3;ATP6V1D;PXN;EIF4EBP1;ATP6V1F;EIF2AK2;TRADD;PPP2R3C;CDC42;PKM;RPS6KB2;KRAS;HDAC1;OASL;BAK1;MAPK1	99	KEGG_2021_Human
Primary immunodeficiency	8/38	0.0378409707578417	0.11465814139626	2.31490462334303	7.57983777138369	RFXANK;LCK;CD4;CD40LG;ADA;AIRE;UNG;CD3D	100	KEGG_2021_Human
Toxoplasmosis	18/112	0.0390681952838765	0.117204585851629	1.66442702500933	5.39681568634943	TGFB1;BAD;RELA;TNF;MAP2K3;MYD88;BCL2L1;HSPA8;NFKBIB;IFNG;CYCS;SOCS1;CASP9;CCR5;CD40LG;GNAI2;GNAI3;MAPK1	101	KEGG_2021_Human
Fc gamma R-mediated phagocytosis	16/97	0.0404536494587761	0.120171135156953	1.71651820596968	5.50590108205597	ARPC5L;CFL1;ARPC5;VASP;ARPC3;ARPC2;ACTR3;LAT;ARPC1B;CDC42;RPS6KB2;ARF6;WAS;MAPK1;RAC1;RAC2	102	KEGG_2021_Human
Sulfur relay system	3/8	0.0416184040242166	0.122430839022695	5.20319303338171	16.5420579192311	TST;URM1;MOCS2	103	KEGG_2021_Human
Chronic myeloid leukemia	13/76	0.0473244662024913	0.136564888184332	1.79233897415716	5.46793844544172	TGFB1;BAD;RELA;ARAF;E2F2;GADD45G;BCL2L1;KRAS;HDAC1;CDKN1A;BAK1;HRAS;MAPK1	104	KEGG_2021_Human
Pertussis	13/76	0.0473244662024913	0.136564888184332	1.79233897415716	5.46793844544172	RHOA;TICAM1;CALM3;CALM1;RELA;TNF;PYCARD;CASP7;CFL1;MYD88;GNAI2;GNAI3;MAPK1	104	KEGG_2021_Human
Pathways in cancer	67/531	0.050732085494125	0.145017187780376	1.25912639661198	3.75370348184118	BAD;RALB;RALA;ARAF;GNG2;GNG5;TFG;HMOX1;RARA;GSTO1;CKS2;PPARG;FH;CDKN1A;GSTP1;ELOB;ELOC;APPL1;BID;TPM3;RBX1;MSH6;IL12RB1;F2R;BCL2L1;BIRC5;PIM2;PIM1;IL3RA;CDC42;IL2RA;HDAC1;BAK1;CALM3;CALM1;KEAP1;E2F2;GADD45G;GNG10;SKP1;RHOA;NQO1;CCNE2;GNAI2;GNAI3;SUFU;HRAS;RAC1;RAC2;TGFB1;RALBP1;FAS;RELA;CCND3;CCND2;GNB1;GNB2;RASGRP2;RASGRP4;IL7;IFNG;CYCS;CASP9;CASP7;RPS6KB2;KRAS;MAPK1	106	KEGG_2021_Human
Central carbon metabolism in cancer	12/70	0.0544665066471942	0.154236930038316	1.79672262993867	5.22876707987969	PDHA1;PDHB;LDHB;LDHA;SLC16A3;PGAM1;PKM;PFKL;KRAS;PFKP;HRAS;MAPK1	107	KEGG_2021_Human
Bladder cancer	8/41	0.0562301707146429	0.157756867838304	2.10410604591012	6.05625226283886	KRAS;HBEGF;TYMP;CDKN1A;ARAF;E2F2;HRAS;MAPK1	108	KEGG_2021_Human
Pantothenate and CoA biosynthesis	5/21	0.0589105061116189	0.163760397723124	2.71095641646489	7.67671242408246	PANK2;PPCS;PPCDC;COASY;BCAT2	109	KEGG_2021_Human
Adherens junction	12/71	0.0596382940017648	0.164276391659407	1.76617087512971	4.97964353370828	RHOA;ACTN4;AFDN;ACTB;ACP1;CDC42;NECTIN1;ACTG1;WAS;MAPK1;RAC1;RAC2	110	KEGG_2021_Human
Human cytomegalovirus infection	31/225	0.0604597038723724	0.165038651111071	1.38994756880015	3.89988457038128	CALM3;CALM1;GNG2;GNG5;CREB3L3;E2F2;GNG10;RHOA;CCR5;CDKN1A;GNAI2;GNAI3;HRAS;RAC1;RAC2;BID;FAS;RELA;TNF;GNB1;RHEB;GNB2;PXN;EIF4EBP1;CYCS;TRADD;CASP9;RPS6KB2;KRAS;BAK1;MAPK1	111	KEGG_2021_Human
Chemokine signaling pathway	27/192	0.061835909476903	0.167288219388407	1.42290748898678	3.96033718360421	BAD;RELA;GNG2;GNG5;GNB1;GNB2;PXN;RASGRP2;GNG10;RHOA;CCL20;NFKBIB;RAP1A;RAP1B;GRK6;CCR6;CCR5;CDC42;KRAS;WAS;ARRB2;GNAI2;GNAI3;HRAS;MAPK1;RAC1;RAC2	112	KEGG_2021_Human
Regulation of actin cytoskeleton	30/218	0.0646796739104509	0.173433107919174	1.38782853566959	3.80030237858854	ACTN4;PFN1;ARPC5L;ARAF;MYL12B;ACTB;MYL12A;RHOA;RDX;ARPC1B;TMSB4X;HRAS;RAC1;RAC2;PPP1CA;PPP1CC;PAK2;CFL1;F2R;ARPC5;ARPC3;ARPC2;PXN;ACTG1;ACTR3;ITGAE;BRK1;CDC42;KRAS;MAPK1	113	KEGG_2021_Human
TNF signaling pathway	17/112	0.0689106899180945	0.183157360045462	1.55456712897685	4.15837995485573	FAS;RELA;CSF2;TNF;CREB3L3;MAP3K8;MAP2K3;JUNB;CCL20;TNFRSF1B;BCL3;TRADD;CASP7;LTA;CEBPB;RPS6KA4;MAPK1	114	KEGG_2021_Human
Insulin signaling pathway	20/137	0.0720594732939178	0.189568870769623	1.48534500729623	3.90684873228836	BAD;PPP1CA;CALM3;CALM1;ARAF;PPP1CC;RHEB;PRKAR1B;EIF4EBP1;EIF4E2;SOCS1;SOCS2;MKNK1;EIF4E;PCK2;RPS6KB2;KRAS;PRKAG1;HRAS;MAPK1	115	KEGG_2021_Human
Endometrial cancer	10/58	0.072574221152727	0.189568870769623	1.80845469255663	4.74383979008719	BAD;ILK;ARAF;CASP9;GADD45G;KRAS;CDKN1A;BAK1;HRAS;MAPK1	116	KEGG_2021_Human
Ras signaling pathway	31/232	0.083259960944406	0.215621950138077	1.34101195835438	3.33347077186995	BAD;CALM3;CALM1;RALB;RALA;GNG2;GNG5;GNG10;RHOA;RAB5C;RAP1A;RAP1B;ARF6;HRAS;RAC1;RAC2;RALBP1;RELA;PAK2;GNB1;GNB2;BCL2L1;RAB5A;RASGRP2;RASGRP4;AFDN;LAT;NTRK2;CDC42;KRAS;MAPK1	117	KEGG_2021_Human
Th17 cell differentiation	16/107	0.0843519920429595	0.216598759228955	1.52703382304161	3.77598335202285	TGFB1;CD4;RELA;IL12RB1;RORC;NFKBIB;IFNG;RARA;LAT;CD3D;IL17A;LCK;IL2RA;IL17F;IL22;MAPK1	118	KEGG_2021_Human
Viral myocarditis	10/60	0.0871745371024854	0.221965418000446	1.73592233009709	4.23537793940712	CD28;CYCS;CD86;ACTB;CASP9;CD40LG;ACTG1;RAC1;RAC2;BID	119	KEGG_2021_Human
Ubiquinone and other terpenoid-quinone biosynthesis	3/11	0.0971099712179238	0.245202677325258	3.25145137880987	7.5820959475067	COQ5;NQO1;COQ6	120	KEGG_2021_Human
Neurotrophin signaling pathway	17/119	0.106585936534771	0.26471753090193	1.4473128754668	3.24024942556598	BAD;CALM3;CALM1;RELA;RHOA;NFKBIB;YWHAE;RAP1A;RAP1B;NTRK2;CDC42;KRAS;ARHGDIA;ARHGDIB;HRAS;MAPK1;RAC1	121	KEGG_2021_Human
Sphingolipid signaling pathway	17/119	0.106585936534771	0.26471753090193	1.4473128754668	3.24024942556598	PPP2R1A;RELA;TNF;S1PR4;RHOA;TRADD;PPP2R3C;PPP2CA;KRAS;GNAI2;GNAI3;SMPD2;HRAS;MAPK1;RAC1;RAC2;BID	121	KEGG_2021_Human
AMPK signaling pathway	17/120	0.112834218364601	0.277957464751821	1.43318090031637	3.12696515487421	RAB2A;PPP2R1A;CREB3L3;RHEB;EIF4EBP1;ADIPOR1;ELAVL1;PCK2;PPP2R3C;RAB11B;PPP2CA;PFKL;RPS6KB2;PPARG;PFKP;PRKAG1;RAB8A	123	KEGG_2021_Human
Homologous recombination	7/41	0.12588271740679	0.307600511082721	1.7859770180491	3.70126702295275	RPA2;RPA3;RPA1;RAD51C;RAD51D;SEM1;SSBP1	124	KEGG_2021_Human
FoxO signaling pathway	18/131	0.129889960331103	0.314629958895737	1.38309268747089	2.82298573577007	TGFB1;ARAF;CCND2;S1PR4;GABARAPL2;PLK1;GADD45G;GABARAP;CCNB2;CCNB1;PCK2;KLF2;CAT;KRAS;CDKN1A;PRKAG1;HRAS;MAPK1	125	KEGG_2021_Human
Inflammatory bowel disease	10/65	0.1308362205309	0.314629958895737	1.57766990291262	3.2086791890715	TGFB1;IFNG;RELA;TNF;IL12RB1;IL17A;MAF;IL17F;IL22;RORC	126	KEGG_2021_Human
Tryptophan metabolism	7/42	0.13837334294517	0.330134826081784	1.73485215705284	3.43119035876588	CAT;DLD;ACAT1;DLST;ECHS1;ACAT2;HADH	127	KEGG_2021_Human
Platelet activation	17/124	0.139982469401291	0.33136475178587	1.379294490397	2.71202135438106	PPP1CA;MYL12B;PPP1CC;ACTB;F2R;VASP;MYL12A;VAMP8;TBXAS1;ACTG1;RASGRP2;RHOA;RAP1A;RAP1B;GNAI2;GNAI3;MAPK1	128	KEGG_2021_Human
One carbon pool by folate	4/20	0.14569000450388	0.341824129406801	2.16771539206196	4.17561417067972	SHMT1;TYMS;DHFR;MTHFD2	129	KEGG_2021_Human
Drug metabolism	15/108	0.146657217237241	0.341824129406801	1.39996860529001	2.68745991195467	DUT;UCKL1;TYMP;ITPA;HPRT1;TPMT;ADH5;NME2;TK1;RRM1;GSTO1;IMPDH1;CMPK1;GSTP1;UPP1	130	KEGG_2021_Human
Progesterone-mediated oocyte maturation	14/100	0.149961364843274	0.34676677766352	1.41285856483576	2.6807261727877	CDC25B;MAD2L1;MAD2L2;ARAF;CDC26;PLK1;MAD1L1;ANAPC11;CCNB2;CCNB1;KRAS;GNAI2;GNAI3;MAPK1	131	KEGG_2021_Human
Long-term potentiation	10/67	0.151066715021731	0.34676677766352	1.52214273547948	2.87690109428227	PPP1CA;CALM3;CALM1;ARAF;PPP1CC;RAP1A;RAP1B;KRAS;HRAS;MAPK1	132	KEGG_2021_Human
Butanoate metabolism	5/28	0.157595690699273	0.35903379159308	1.88514580482156	3.483226216064	ACAT1;ECHS1;ACAT2;HADH;ACADS	133	KEGG_2021_Human
MAPK signaling pathway	36/294	0.163541340876655	0.369798703624079	1.21232077930987	2.19513647082227	CACNA2D4;ARAF;GADD45G;STMN1;DUSP6;RAP1A;RAP1B;MAP4K2;MAP4K1;HRAS;RAC1;RAC2;TGFB1;CDC25B;FAS;MAPKAPK3;RELA;TNF;PAK2;FLNA;MAP3K8;MAP2K3;MYD88;RASGRP2;RASGRP4;HSPA8;PPP5C;TRADD;HSPB1;MKNK1;NTRK2;CDC42;KRAS;ARRB2;RPS6KA4;MAPK1	134	KEGG_2021_Human
Chagas disease	14/102	0.167347618732123	0.37560243315432	1.38059338521401	2.46806205547079	TGFB1;PPP2R1A;TICAM1;FAS;RELA;TNF;MYD88;IFNG;CD3D;PPP2CA;GNAI2;GNAI3;GNA15;MAPK1	135	KEGG_2021_Human
Lysosome	17/128	0.170483167226984	0.379555992798774	1.32929178569705	2.35167497321184	AP1S1;AP1B1;CD68;ATP6V0D1;LAPTM4B;ATP6V0C;ATP6V0B;AP1S2;CTSB;FUCA2;CTSZ;CLTB;CLTA;CTSL;NEU1;CTSH;AP1M1	136	KEGG_2021_Human
IL-17 signaling pathway	13/94	0.171614425786904	0.379555992798774	1.39263700582774	2.45452972648828	CCL20;IFNG;RELA;CSF2;TRADD;TNF;ELAVL1;IL17RB;IL17A;FOSL1;IL17F;CEBPB;MAPK1	137	KEGG_2021_Human
Apelin signaling pathway	18/137	0.173448492597841	0.38083255983439	1.31291463954003	2.30006180412783	CALM3;CALM1;GNG2;GNG5;GABARAPL2;GNB1;GNB2;GABARAP;GNG10;KLF2;RPS6KB2;KRAS;BECN1;PRKAG1;GNAI2;GNAI3;HRAS;MAPK1	138	KEGG_2021_Human
Arginine biosynthesis	4/22	0.187467152221097	0.405732479449947	1.92664300311929	3.2254925377275	ARG2;GOT1;GLUD1;ASL	139	KEGG_2021_Human
Terpenoid backbone biosynthesis	4/22	0.187467152221097	0.405732479449947	1.92664300311929	3.2254925377275	FDPS;ACAT1;ACAT2;PMVK	139	KEGG_2021_Human
Focal adhesion	25/201	0.19248965388743	0.413647979630434	1.23319070904645	2.03194420583674	ACTN4;BAD;MYL12B;ACTB;VASP;MYL12A;RHOA;RAP1A;RAP1B;HRAS;RAC1;RAC2;PPP1CA;ZYX;PPP1CC;PAK2;CCND3;CCND2;FLNA;CAPN2;PXN;ACTG1;ILK;CDC42;MAPK1	141	KEGG_2021_Human
Allograft rejection	6/38	0.194968803849376	0.416024982861698	1.62590843023256	2.65822324126064	FAS;IFNG;CD28;CD40LG;CD86;TNF	142	KEGG_2021_Human
Prostate cancer	13/97	0.201179401857071	0.426275236102744	1.34267425978656	2.15305634935712	BAD;RELA;ARAF;CREB3L3;E2F2;ETV5;CASP9;CCNE2;KRAS;CDKN1A;GSTP1;HRAS;MAPK1	143	KEGG_2021_Human
Dopaminergic synapse	17/132	0.204120798401332	0.429504179969468	1.2827675300197	2.03837316361123	PPP2R1A;PPP1CA;CALM3;CALM1;COMT;GNG2;PPP1CC;GNG5;CREB3L3;GNB1;GNB2;GNG10;PPP2R3C;PPP2CA;ARRB2;GNAI2;GNAI3	144	KEGG_2021_Human
Non-small cell lung cancer	10/72	0.207865005885499	0.434366184712456	1.39899780770435	2.19763867797918	BAD;ARAF;CASP9;E2F2;GADD45G;KRAS;CDKN1A;BAK1;HRAS;MAPK1	145	KEGG_2021_Human
Circadian rhythm	5/31	0.212646887321244	0.441315115468061	1.66734959955299	2.58126108855603	NR1D1;RBX1;PRKAG1;RORC;SKP1	146	KEGG_2021_Human
Glucagon signaling pathway	14/107	0.214955968877107	0.443072507277302	1.30600184092716	2.00774545057743	CALM3;CALM1;PDHB;CREB3L3;PPP4C;PDHA1;LDHB;LDHA;PCK2;PGAM1;PKM;PFKL;PFKP;PRKAG1	147	KEGG_2021_Human
Ribosome biogenesis in eukaryotes	14/108	0.225128123376661	0.458361820668626	1.29203576455005	1.92653592529345	IMP3;NHP2;RAN;EIF6;NOP10;POP7;POP4;RPP30;AK6;REXO2;SNU13;RRP7A;NXT1;RIOK2	148	KEGG_2021_Human
Peroxisome	11/82	0.225399047127476	0.458361820668626	1.34380151721402	2.0021069080206	ACOT8;PHYH;PEX2;CRAT;PMVK;SOD1;CAT;PRDX5;PRDX1;SCP2;ACAA1	149	KEGG_2021_Human
Glycine, serine and threonine metabolism	6/40	0.228991927905214	0.462563694368532	1.53009575923393	2.25546599949095	GLYCTK;PGAM1;BPGM;GRHPR;DLD;SHMT1	150	KEGG_2021_Human
Hippo signaling pathway	20/163	0.242863300991563	0.486437422422745	1.21350844277674	1.71742576155107	TGFB1;PPP2R1A;PPP1CA;PPP1CC;ACTB;CCND3;CCND2;MOB1A;BIRC5;ACTG1;RASSF2;ID2;NF2;YWHAG;YWHAE;YWHAB;YWHAQ;YWHAH;YWHAZ;PPP2CA	151	KEGG_2021_Human
PI3K-Akt signaling pathway	41/354	0.244525051767586	0.486437422422745	1.13733767716356	1.60186905071524	BAD;PPP2R1A;GNG2;GNG5;CREB3L3;GNG10;PCK2;PPP2CA;CCNE2;CDKN1A;HRAS;RAC1;OSM;RELA;CCND3;CCND2;F2R;GNB1;RHEB;GNB2;BCL2L1;EIF4EBP1;IL7;IL3RA;EIF4E2;YWHAG;YWHAE;YWHAB;CASP9;YWHAQ;EIF4E;YWHAH;NTRK2;PPP2R3C;YWHAZ;RPS6KB2;CDC37;IL2RA;DDIT4;KRAS;MAPK1	152	KEGG_2021_Human
Glioma	10/75	0.24562681726297	0.486437422422745	1.33420463032114	1.87314578082651	CALM3;CALM1;ARAF;E2F2;GADD45G;KRAS;CDKN1A;BAK1;HRAS;MAPK1	153	KEGG_2021_Human
SNARE interactions in vesicular transport	5/33	0.252266648235774	0.495298097430168	1.54808024904877	2.13212235286023	VAMP8;VAMP4;VTI1B;YKT6;SNAP29	154	KEGG_2021_Human
Primary bile acid biosynthesis	3/17	0.254616579788266	0.495298097430168	1.85735019697284	2.54084852053699	HSD3B7;ACOT8;SCP2	155	KEGG_2021_Human
Amoebiasis	13/102	0.255004961053156	0.495298097430168	1.26688807197129	1.73116743082106	TGFB1;ACTN4;RELA;CSF2;TNF;RAB5A;PRDX1;IFNG;RAB7A;RAB5C;HSPB1;ARG2;GNA15	156	KEGG_2021_Human
Rap1 signaling pathway	25/210	0.258665537449109	0.49920801176484	1.17260292076918	1.58561643321438	CALM3;PFN1;CALM1;RALB;RALA;ACTB;VASP;RHOA;RAP1A;RAP1B;GNAI2;GNAI3;HRAS;RAC1;RAC2;RGS14;MAP2K3;F2R;ACTG1;RASGRP2;AFDN;LAT;CDC42;KRAS;MAPK1	157	KEGG_2021_Human
Fc epsilon RI signaling pathway	9/68	0.268417811677497	0.514750613533427	1.32270002220413	1.73962897561023	LAT;CSF2;TNF;MAP2K3;KRAS;HRAS;MAPK1;RAC1;RAC2	158	KEGG_2021_Human
Sulfur metabolism	2/10	0.277477520628748	0.522718358456358	2.16658607350097	2.77759661593426	TST;ETHE1	159	KEGG_2021_Human
Synthesis and degradation of ketone bodies	2/10	0.277477520628748	0.522718358456358	2.16658607350097	2.77759661593426	ACAT1;ACAT2	159	KEGG_2021_Human
Long-term depression	8/60	0.278756524344718	0.522718358456358	1.33388047452063	1.70392099488926	PPP2R1A;ARAF;PPP2CA;KRAS;GNAI2;GNAI3;HRAS;MAPK1	161	KEGG_2021_Human
Natural killer cell mediated cytotoxicity	16/131	0.279473181748944	0.522718358456358	1.20672283137886	1.53838932462845	FAS;ULBP2;CSF2;TNF;ARAF;SH2D1A;ICAM2;IFNG;LAT;LCK;KRAS;HRAS;MAPK1;RAC1;RAC2;BID	162	KEGG_2021_Human
Type I diabetes mellitus	6/43	0.283086181124579	0.526227686384953	1.40579824010057	1.77412286268261	FAS;IFNG;CD28;LTA;CD86;TNF	163	KEGG_2021_Human
Antigen processing and presentation	10/78	0.285569215858697	0.527606539056007	1.27512849800114	1.59808136626624	CTSB;HSPA8;CD4;IFNG;TNF;CTSL;NFYC;RFXANK;PSME2;PSME1	164	KEGG_2021_Human
Hepatocellular carcinoma	20/168	0.287548690036761	0.528043958067507	1.1721819380356	1.46096428643082	TGFB1;BAD;KEAP1;ARAF;ACTB;E2F2;ACTL6A;GADD45G;BCL2L1;ACTG1;HMOX1;NQO1;GSTO1;RPS6KB2;KRAS;CDKN1A;GSTP1;BAK1;HRAS;MAPK1	165	KEGG_2021_Human
Nicotinate and nicotinamide metabolism	5/35	0.293510736551396	0.535745501054657	1.44471347861178	1.77098910098914	SIRT2;PNP;NAPRT;NMRK1;NT5C	166	KEGG_2021_Human
RIG-I-like receptor signaling pathway	9/70	0.297315245248955	0.539440235391817	1.27918963418999	1.55160876409161	NFKBIB;SIKE1;IRF7;RELA;TRADD;TNF;TANK;ISG15;PIN1	167	KEGG_2021_Human
Tyrosine metabolism	5/36	0.314552389123812	0.56731770181259	1.39803171131766	1.61696996085595	GOT1;MIF;GSTZ1;COMT;ADH5	168	KEGG_2021_Human
Melanoma	9/72	0.326927067949183	0.585295148796477	1.23844181049421	1.38460044260169	BAD;ARAF;E2F2;GADD45G;KRAS;CDKN1A;BAK1;HRAS;MAPK1	169	KEGG_2021_Human
Phototransduction	4/28	0.328383416816505	0.585295148796477	1.44449822523395	1.60855479936617	GNB1;CALM3;CALM1;RGS9	170	KEGG_2021_Human
Th1 and Th2 cell differentiation	11/92	0.353768325339159	0.626852646653598	1.17724053987612	1.22328598241352	NFKBIB;CD4;IFNG;LAT;RELA;CD3D;IL12RB1;MAF;LCK;IL2RA;MAPK1	171	KEGG_2021_Human
Relaxin signaling pathway	15/129	0.357005063589329	0.628910082950969	1.14073504930209	1.17496316216749	TGFB1;RELA;GNG2;GNG5;CREB3L3;GNB1;GNB2;GNG10;KRAS;ARRB2;GNAI2;GNAI3;GNA15;HRAS;MAPK1	172	KEGG_2021_Human
Proteoglycans in cancer	23/205	0.373475420480502	0.654121690205736	1.0956908260279	1.07914927497425	ARAF;ACTB;RHOA;RDX;CTSL;HCLS1;HBEGF;CDKN1A;HRAS;RAC1;TGFB1;PPP1CA;FAS;TNF;PPP1CC;FLNA;PXN;ACTG1;PLAUR;CDC42;RPS6KB2;KRAS;MAPK1	173	KEGG_2021_Human
TGF-beta signaling pathway	11/94	0.380956922586642	0.663390503125014	1.14874456544	1.10861773953028	TGFB1;RHOA;PPP2R1A;RBX1;ID2;IFNG;TNF;PPP2CA;RPS6KB2;MAPK1;SKP1	174	KEGG_2021_Human
ErbB signaling pathway	10/85	0.384212451812149	0.665236416566178	1.15566343042071	1.10546097122567	BAD;ARAF;PAK2;RPS6KB2;KRAS;HBEGF;CDKN1A;EIF4EBP1;HRAS;MAPK1	175	KEGG_2021_Human
NF-kappa B signaling pathway	12/104	0.390773429851343	0.668951125677724	1.13056154138674	1.06230654542361	UBE2I;TICAM1;RELA;TNF;GADD45G;MYD88;BCL2L1;LAT;TRADD;LCK;LTA;CD40LG	176	KEGG_2021_Human
Toll-like receptor signaling pathway	12/104	0.390773429851343	0.668951125677724	1.13056154138674	1.06230654542361	TICAM1;TOLLIP;CD86;RELA;TNF;MAP3K8;MAP2K3;MYD88;IRF5;IRF7;MAPK1;RAC1	176	KEGG_2021_Human
Non-homologous end-joining	2/13	0.395748101005888	0.672199329759577	1.57543520309478	1.46039279487893	FEN1;XRCC6	178	KEGG_2021_Human
Cocaine addiction	6/49	0.397107854874469	0.672199329759577	1.20923472147107	1.11678553517314	CDK5;RELA;CREB3L3;GNAI2;GNAI3;RGS9	179	KEGG_2021_Human
Leishmaniasis	9/77	0.402778604467066	0.678010650852894	1.14705882352941	1.04309885958552	TGFB1;NFKBIB;IFNG;RELA;TNF;CYBA;MYD88;NCF4;MAPK1	180	KEGG_2021_Human
Arginine and proline metabolism	6/50	0.416282163476591	0.696870141068548	1.18168604651163	1.03562016347547	LAP3;AMD1;SMOX;ARG2;GOT1;SMS	181	KEGG_2021_Human
D-Glutamine and D-glutamate metabolism	1/5	0.420936226539695	0.697706195443785	2.16602223296278	1.87420258661268	GLUD1	182	KEGG_2021_Human
Adipocytokine signaling pathway	8/69	0.423407225202968	0.697706195443785	1.13650601834921	0.976736974804405	TNFRSF1B;NFKBIB;RELA;TRADD;TNF;ADIPOR1;PCK2;PRKAG1	183	KEGG_2021_Human
Oxytocin signaling pathway	17/154	0.427479501893283	0.697706195443785	1.07544593811442	0.913966591117323	CACNA2D4;PPP1CA;MYL6;CALM3;CALM1;PPP1CC;ACTB;ACTG1;MYL6B;RHOA;KRAS;CDKN1A;PRKAG1;GNAI2;GNAI3;HRAS;MAPK1	184	KEGG_2021_Human
Transcriptional misregulation in cancer	21/192	0.428705381322492	0.697706195443785	1.06438742047897	0.901520554854132	CD86;RELA;CSF2;PRCC;HPGD;EWSR1;CCND2;GADD45G;ASPSCR1;MAF;BCL2L1;DUSP6;ETV5;ETV7;ID2;RARA;PPARG;CEBPB;HDAC1;CDKN1A;BAK1	185	KEGG_2021_Human
Mineral absorption	7/60	0.429147135178133	0.697706195443785	1.1445047055488	0.968199989103767	VDR;MT1E;ATOX1;FTL;FTH1;HMOX1;HMOX2	186	KEGG_2021_Human
Proximal tubule bicarbonate reclamation	3/23	0.430597552963656	0.697706195443785	1.29970972423803	1.09511120904564	GLUD1;MDH1;PCK2	187	KEGG_2021_Human
Prolactin signaling pathway	8/70	0.439677158100259	0.70748187998862	1.11811269985295	0.918769477333004	RELA;SOCS1;SOCS2;CCND2;CISH;KRAS;HRAS;MAPK1	188	KEGG_2021_Human
Graft-versus-host disease	5/42	0.442254282197745	0.70748187998862	1.17093122177868	0.955327964143351	FAS;IFNG;CD28;CD86;TNF	189	KEGG_2021_Human
Osteoclast differentiation	14/127	0.443635502303095	0.70748187998862	1.07364587996281	0.872607830289021	TGFB1;RELA;TNF;CYBA;FOSL2;FOSL1;NCF4;JUNB;IFNG;SOCS1;LCK;PPARG;MAPK1;RAC1	190	KEGG_2021_Human
Hypertrophic cardiomyopathy	10/90	0.456276592248342	0.723831452624334	1.08313106796116	0.849885390264622	TGFB1;TPM4;TPM3;CACNA2D4;TNF;LMNA;ACTB;EMD;ACTG1;PRKAG1	191	KEGG_2021_Human
Porphyrin and chlorophyll metabolism	5/43	0.463197453391583	0.730983481133592	1.14005352363961	0.877387301573518	BLVRA;HCCS;UROD;HMOX1;HMOX2	192	KEGG_2021_Human
Thiamine metabolism	2/15	0.469549797755774	0.735917434964987	1.33291176908198	1.00765586607038	AK2;ACP1	193	KEGG_2021_Human
Endocrine and other factor-regulated calcium reabsorption	6/53	0.473200621346633	0.735917434964987	1.10607372587828	0.827603996532042	VDR;CLTB;CLTA;AP2S1;RAB11A;AP2M1	194	KEGG_2021_Human
Pentose and glucuronate interconversions	4/34	0.473610230423012	0.735917434964987	1.15521135850274	0.863370999483586	DCXR;AKR1A1;AKR1B1;UGP2	195	KEGG_2021_Human
Phenylalanine, tyrosine and tryptophan biosynthesis	1/6	0.480884314114731	0.73963424962824	1.73272112131464	1.26857460036943	GOT1	196	KEGG_2021_Human
Vitamin B6 metabolism	1/6	0.480884314114731	0.73963424962824	1.73272112131464	1.26857460036943	PDXK	196	KEGG_2021_Human
Small cell lung cancer	10/92	0.484843903122593	0.741958094172453	1.05659483779304	0.764898893175331	CYCS;RELA;CASP9;E2F2;GADD45G;CCNE2;BCL2L1;CKS2;CDKN1A;BAK1	198	KEGG_2021_Human
PPAR signaling pathway	8/74	0.503885997127133	0.76722340266091	1.05011315874555	0.719753053903297	ILK;DBI;CPT2;PCK2;PPARG;PLIN2;SCP2;ACAA1	199	KEGG_2021_Human
Glycosylphosphatidylinositol (GPI)-anchor biosynthesis	3/26	0.513545425716429	0.774928654600422	1.12999305862308	0.753046347519385	DPM2;MPPE1;PIGX	200	KEGG_2021_Human
JAK-STAT signaling pathway	17/162	0.514061582754736	0.774928654600422	1.01565413104456	0.675828659829211	OSM;CSF2;CCND3;CCND2;IL12RB1;CISH;BCL2L1;PIM1;IL7;IL3RA;IFNG;SOCS1;SOCS2;IL2RA;IL22;CDKN1A;HRAS	201	KEGG_2021_Human
C-type lectin receptor signaling pathway	11/104	0.516973834865106	0.775460752297659	1.0246491928956	0.676025641129169	CALM3;CALM1;RELA;TNF;PYCARD;RHOA;BCL3;KRAS;LSP1;HRAS;MAPK1	202	KEGG_2021_Human
Type II diabetes mellitus	5/46	0.524403675438941	0.782730609152705	1.05645780428749	0.681936664994349	PKM;TNF;SOCS1;SOCS2;MAPK1	203	KEGG_2021_Human
Phenylalanine metabolism	2/17	0.537673785923087	0.795313000513609	1.15506125080593	0.716719258445763	GOT1;MIF	204	KEGG_2021_Human
African trypanosomiasis	4/37	0.541922022052482	0.795313000513609	1.05001613423685	0.64327470094548	MYD88;FAS;IFNG;TNF	205	KEGG_2021_Human
Alanine, aspartate and glutamate metabolism	4/37	0.541922022052482	0.795313000513609	1.05001613423685	0.64327470094548	ADSL;GOT1;GLUD1;ASL	205	KEGG_2021_Human
Parathyroid hormone synthesis, secretion and action	11/106	0.543332643915238	0.795313000513609	1.00296515937732	0.611842389397572	ARAF;CREB3L3;SLC9A3R1;RHOA;VDR;HBEGF;CDKN1A;ARRB2;GNAI2;GNAI3;MAPK1	207	KEGG_2021_Human
Circadian entrainment	10/97	0.554435154738066	0.807662749450164	0.995592009820333	0.587205566183449	CALM3;CALM1;GNG2;GNG5;GNB1;GNB2;GNG10;GNAI2;GNAI3;MAPK1	208	KEGG_2021_Human
Alcoholism	19/186	0.559939187882855	0.811777865686628	0.985343793154792	0.571427562767957	PPP1CA;HAT1;CALM3;CALM1;ARAF;GNG2;PPP1CC;GNG5;CREB3L3;GNB1;GNB2;GNG10;NTRK2;KRAS;HDAC1;GNAI2;GNAI3;HRAS;MAPK1	209	KEGG_2021_Human
Gap junction	9/88	0.566735184296236	0.813804131627928	0.986733735006357	0.560329708669482	TUBA4A;TUBB4B;KRAS;TUBA1A;GNAI2;GNAI3;TUBA1B;HRAS;MAPK1	210	KEGG_2021_Human
Choline metabolism in cancer	10/98	0.567923424746253	0.813804131627928	0.984223300970874	0.556842722674651	RHEB;EIF4EBP1;LYPLA1;RPS6KB2;KRAS;WAS;HRAS;MAPK1;RAC1;RAC2	211	KEGG_2021_Human
Other glycan degradation	2/18	0.56939430991789	0.813804131627928	1.08280947775629	0.609818912667112	FUCA2;NEU1	212	KEGG_2021_Human
GABAergic synapse	9/89	0.580778999396152	0.825195980597574	0.974344978165939	0.529444420812607	GNG2;GNG5;GABARAPL2;GNB1;GNB2;GABARAP;GNAI2;GNAI3;GNG10	213	KEGG_2021_Human
Riboflavin metabolism	1/8	0.582811682666273	0.825195980597574	1.23751985085963	0.668126026697977	ACP1	214	KEGG_2021_Human
Adrenergic signaling in cardiomyocytes	15/150	0.595869386055272	0.838728927580616	0.962151932954853	0.498138563771676	TPM4;TPM3;CACNA2D4;PPP2R1A;PPP1CA;CALM3;CALM1;PPP1CC;CREB3L3;CREM;PPP2R3C;PPP2CA;GNAI2;GNAI3;MAPK1	215	KEGG_2021_Human
Cholesterol metabolism	5/50	0.600813604777403	0.838728927580616	0.962335216572505	0.490281437013105	VAPA;VDAC3;VDAC2;VDAC1;TSPO	216	KEGG_2021_Human
Malaria	5/50	0.600813604777403	0.838728927580616	0.962335216572505	0.490281437013105	TGFB1;IFNG;TNF;MYD88;CD40LG	216	KEGG_2021_Human
Thyroid hormone signaling pathway	12/121	0.606399423421081	0.838728927580616	0.953326022414208	0.476869306646635	MED4;BAD;ACTB;RHEB;ACTG1;CASP9;PFKL;KRAS;PFKP;HDAC1;HRAS;MAPK1	218	KEGG_2021_Human
Morphine addiction	9/91	0.608224117047804	0.838728927580616	0.950473958888061	0.472586916779409	GNG2;GRK6;GNG5;GNB1;GNB2;ARRB2;GNAI2;GNAI3;GNG10	219	KEGG_2021_Human
beta-Alanine metabolism	3/30	0.613168996111623	0.838728927580616	0.962371660484868	0.470710120301816	SMOX;ECHS1;ACADS	220	KEGG_2021_Human
Arachidonic acid metabolism	6/61	0.614514263771936	0.838728927580616	0.944767441860465	0.460029127705988	PTGES3;GPX7;CBR3;CBR1;TBXAS1;GGT1	221	KEGG_2021_Human
Glycerolipid metabolism	6/61	0.614514263771936	0.838728927580616	0.944767441860465	0.460029127705988	GLYCTK;AKR1A1;AGPAT1;PLPP5;AKR1B1;GPAT3	221	KEGG_2021_Human
Cholinergic synapse	11/113	0.63086714841634	0.853360473081031	0.93376758182632	0.430149355517295	GNG2;GNG5;CREB3L3;GNB1;GNB2;GNG10;KRAS;GNAI2;GNAI3;HRAS;MAPK1	223	KEGG_2021_Human
Serotonergic synapse	11/113	0.63086714841634	0.853360473081031	0.93376758182632	0.430149355517295	ARAF;GNG2;GNG5;GNB1;GNB2;GNG10;KRAS;GNAI2;GNAI3;HRAS;MAPK1	223	KEGG_2021_Human
Lysine degradation	6/63	0.646365122657212	0.870438365178378	0.911515707874337	0.397777004724756	ACAT1;DLST;ECHS1;ACAT2;DLD;HADH	225	KEGG_2021_Human
Autoimmune thyroid disease	5/53	0.653275623452497	0.87585183144295	0.902037933817595	0.384048198557374	FAS;CD28;CD86;CTLA4;CD40LG	226	KEGG_2021_Human
Dilated cardiomyopathy	9/96	0.672605292053146	0.897794729040102	0.895598052502133	0.355191153025267	TGFB1;TPM4;TPM3;CACNA2D4;TNF;LMNA;ACTB;EMD;ACTG1	227	KEGG_2021_Human
Metabolism of xenobiotics by cytochrome P450	7/76	0.683362917561053	0.908153350969294	0.878325500361792	0.334404167255806	AKR7A2;HSD11B1;CBR3;CBR1;GSTO1;GSTP1;ADH5	228	KEGG_2021_Human
Insulin resistance	10/108	0.69167995135456	0.915192250045553	0.883297008123638	0.325611479447694	PPP1CA;RELA;TNF;PPP1CC;CREB3L3;MLX;PCK2;NR1H2;RPS6KB2;PRKAG1	229	KEGG_2021_Human
Taurine and hypotaurine metabolism	1/11	0.699450991228772	0.921450653662251	0.866118898018366	0.309602471450831	GGT1	230	KEGG_2021_Human
Hematopoietic cell lineage	9/99	0.708024864246791	0.928707938817219	0.865599223677826	0.298870695473935	CD4;CSF2;TNF;IL7;IL3RA;FCER2;CD3D;IL2RA;CD59	231	KEGG_2021_Human
AGE-RAGE signaling pathway in diabetic complications	9/100	0.719265583143838	0.93938565384734	0.856039157349201	0.28208597029312	TGFB1;RELA;TNF;PIM1;CDC42;KRAS;HRAS;MAPK1;RAC1	232	KEGG_2021_Human
Amphetamine addiction	6/69	0.731789536071177	0.951581618149397	0.824427833148763	0.257437752295925	PPP1CA;CALM3;CALM1;PPP1CC;CREB3L3;HDAC1	233	KEGG_2021_Human
Starch and sucrose metabolism	3/36	0.734884814016366	0.951581618149397	0.787131107885825	0.242469053210625	GPI;UGP2;PGM2	234	KEGG_2021_Human
Notch signaling pathway	5/59	0.744171260915526	0.953259479681488	0.801542462559412	0.236843038120986	MFNG;DTX2;APH1A;SNW1;HDAC1	235	KEGG_2021_Human
Intestinal immune network for IgA production	4/48	0.746012401045472	0.953259479681488	0.78702807357212	0.230609500626195	TGFB1;CD28;CD40LG;CD86	236	KEGG_2021_Human
B cell receptor signaling pathway	7/81	0.746077411424529	0.953259479681488	0.818749918119768	0.239833069327822	NFKBIB;RELA;KRAS;HRAS;MAPK1;RAC1;RAC2	237	KEGG_2021_Human
Chemical carcinogenesis	22/239	0.750747465068477	0.953259479681488	0.876849618375576	0.251380464673147	BAD;CREB3L3;SULT1A3;PTGES3;CDC6;HSD11B1;CBR1;GSTO1;GSTP1;GNAI2;GNAI3;HRAS;RELA;CCND3;AIP;BIRC5;EIF4EBP1;VDR;RPS6KB2;KRAS;ARRB2;MAPK1	238	KEGG_2021_Human
Aldosterone-regulated sodium reabsorption	3/37	0.751910942719061	0.953259479681488	0.763937505335952	0.217827145845063	KRAS;MAPK1;SFN	239	KEGG_2021_Human
cGMP-PKG signaling pathway	15/167	0.756050166278399	0.954418209755705	0.853726469458317	0.238742513413924	BAD;PPP1CA;CALM3;CALM1;PPP1CC;CREB3L3;VASP;RHOA;VDAC3;VDAC2;VDAC1;SLC25A5;GNAI2;GNAI3;MAPK1	240	KEGG_2021_Human
GnRH signaling pathway	8/93	0.759124714690181	0.954418209755705	0.814514748673475	0.224471468467771	CALM3;CALM1;MAP2K3;CDC42;KRAS;HBEGF;HRAS;MAPK1	241	KEGG_2021_Human
Estrogen signaling pathway	12/137	0.769790000101412	0.963827975333587	0.830553935860058	0.217304079041317	CALM3;CALM1;CREB3L3;HSPA8;KRT10;RARA;KRAS;HBEGF;GNAI2;GNAI3;HRAS;MAPK1	242	KEGG_2021_Human
N-Glycan biosynthesis	4/50	0.774450165010632	0.96567242797622	0.752725283050633	0.192398062145609	DPM1;DPM2;DPM3;DAD1	243	KEGG_2021_Human
Growth hormone synthesis, secretion and action	10/119	0.79947050450712	0.992785093711711	0.793667052640955	0.177627162514438	CREB3L3;MAP2K3;JUNB;SOCS1;SOCS2;KRAS;GNAI2;GNAI3;HRAS;MAPK1	244	KEGG_2021_Human
Gastric acid secretion	6/76	0.811623892779619	1	0.741694352159468	0.1548051341314	CALM3;CALM1;ACTB;ACTG1;GNAI2;GNAI3	245	KEGG_2021_Human
Melanogenesis	8/101	0.833119350286976	1	0.744115223762294	0.135859344217442	CALM3;CALM1;CREB3L3;KRAS;GNAI2;GNAI3;HRAS;MAPK1	246	KEGG_2021_Human
Cytokine-cytokine receptor interaction	26/295	0.833555624104221	1	0.835132657737944	0.152039945256161	CD4;IL17RB;CCL20;CCR6;CCR5;IL32;IL17A;IL17F;CD40LG;IL22;IL26;TGFB1;OSM;FAS;CSF2;TNF;IL12RB1;TNFRSF4;TNFRSF1B;IL7;IL3RA;IFNG;TNFRSF25;TNFRSF18;IL2RA;LTA	247	KEGG_2021_Human
Neutrophil extracellular trap formation	16/189	0.835001948871537	1	0.799545226851878	0.14417497087593	HAT1;RELA;ACTB;CYBA;NCF4;ACTG1;GSDMD;HMGB1;VDAC3;VDAC2;VDAC1;SLC25A5;HDAC1;MAPK1;RAC1;RAC2	248	KEGG_2021_Human
Fat digestion and absorption	3/43	0.836260879978642	1	0.649129172714078	0.116073810488622	ACAT1;AGPAT1;ACAT2	249	KEGG_2021_Human
Nitrogen metabolism	1/17	0.844039774800885	1	0.541143064282262	0.0917538688534519	GLUD1	250	KEGG_2021_Human
Selenocompound metabolism	1/17	0.844039774800885	1	0.541143064282262	0.0917538688534519	SEPHS2	250	KEGG_2021_Human
Asthma	2/31	0.84539500183762	1	0.596978590008671	0.100263332086891	CD40LG;TNF	252	KEGG_2021_Human
Renin secretion	5/69	0.854432382673021	1	0.675923123486683	0.106334813395421	CTSB;CALM3;CALM1;GNAI2;GNAI3	253	KEGG_2021_Human
Axon guidance	15/182	0.856832698404009	1	0.77638882818305	0.119961854258999	MYL12B;PAK2;CFL1;MYL12A;RHOA;CDK5;ILK;CDC42;KRAS;GNAI2;GNAI3;HRAS;MAPK1;RAC1;RAC2	254	KEGG_2021_Human
Steroid biosynthesis	1/20	0.887661342083368	1	0.455623108035919	0.0542943186743354	EBP	255	KEGG_2021_Human
Cushing syndrome	12/155	0.88920495027128	1	0.725274725274725	0.0851672194160299	CREB3L3;E2F2;AIP;RAP1A;RAP1B;CCNE2;FH;CDKN1A;WDR5;GNAI2;GNAI3;MAPK1	256	KEGG_2021_Human
Basal cell carcinoma	4/63	0.902576110988551	1	0.5864439595058	0.0601118305240035	GADD45G;CDKN1A;SUFU;BAK1	257	KEGG_2021_Human
Systemic lupus erythematosus	10/135	0.902689652315867	1	0.691456310679612	0.0707888560954708	ACTN4;SNRPB;CD86;TNF;SNRPD3;SNRPD1;IFNG;CD28;CD40LG;TRIM21	258	KEGG_2021_Human
Viral protein interaction with cytokine and cytokine receptor	7/100	0.903590411328919	1	0.650785212056771	0.0659760230464737	TNF;CCL20;TNFRSF1B;CCR6;CCR5;IL2RA;LTA	259	KEGG_2021_Human
GnRH secretion	4/64	0.90905251238692	1	0.576637625040336	0.0549837913215005	KRAS;ARRB2;HRAS;MAPK1	260	KEGG_2021_Human
Phospholipase D signaling pathway	11/148	0.909311223468151	1	0.693848973529068	0.0659627394012508	RALB;RALA;F2R;RHEB;RHOA;ARF1;AGPAT1;KRAS;ARF6;HRAS;MAPK1	261	KEGG_2021_Human
cAMP signaling pathway	17/216	0.910038509120272	1	0.737802504974948	0.0695514341045513	BAD;CALM3;CALM1;CREB3L3;RHOA;RAP1A;RAP1B;GNAI2;GNAI3;RAC1;RAC2;PPP1CA;RELA;PPP1CC;F2R;AFDN;MAPK1	262	KEGG_2021_Human
Arrhythmogenic right ventricular cardiomyopathy	5/77	0.911204399712084	1	0.600551520043045	0.0558441077946931	CACNA2D4;LMNA;ACTB;EMD;ACTG1	263	KEGG_2021_Human
Gastric cancer	11/149	0.913509564295664	1	0.688782369378691	0.0623082403470952	TGFB1;ARAF;E2F2;GADD45G;RPS6KB2;CCNE2;KRAS;CDKN1A;BAK1;HRAS;MAPK1	264	KEGG_2021_Human
Glutamatergic synapse	8/114	0.913988718867464	1	0.652379993777794	0.0586731322498237	GNG2;GNG5;GNB1;GNB2;GNG10;GNAI2;GNAI3;MAPK1	265	KEGG_2021_Human
Mannose type O-glycan biosynthesis	1/23	0.919086311424806	1	0.393426776220396	0.0331954795255604	B3GAT1	266	KEGG_2021_Human
Renin-angiotensin system	1/23	0.919086311424806	1	0.393426776220396	0.0331954795255604	PREP	266	KEGG_2021_Human
Glycosaminoglycan biosynthesis	3/53	0.922384417016523	1	0.519013062409289	0.0419327282944252	HS3ST3B1;B3GAT3;CHST14	268	KEGG_2021_Human
alpha-Linolenic acid metabolism	1/25	0.934986340193093	1	0.360600934428871	0.0242408061499345	ACAA1	269	KEGG_2021_Human
Hedgehog signaling pathway	3/56	0.9386153256035	1	0.489552811019525	0.0310129491059068	CCND2;ARRB2;SUFU	270	KEGG_2021_Human
Vascular smooth muscle contraction	9/133	0.941150826678639	1	0.627060149316805	0.038032369932143	PPP1CA;MYL6;CALM3;CALM1;ARAF;PPP1CC;MYL6B;RHOA;MAPK1	271	KEGG_2021_Human
Glycerophospholipid metabolism	6/98	0.947935509419454	1	0.563637512639029	0.0301370254261658	PLPP5;LYPLA2;LYPLA1;AGPAT1;CDIPT;GPAT3	272	KEGG_2021_Human
Cell adhesion molecules	10/148	0.949770185656404	1	0.625861826368369	0.0322539353530065	CD4;PDCD1;CD86;ICAM2;CD99;CD28;CTLA4;NECTIN1;CD40LG;CD58	273	KEGG_2021_Human
Inositol phosphate metabolism	4/73	0.952113874231967	1	0.501171485893065	0.0245928033344597	TPI1;SYNJ2;MTMR14;CDIPT	274	KEGG_2021_Human
Glycosphingolipid biosynthesis	2/45	0.95479067390943	1	0.402298592056138	0.0186116009742638	B3GALT2;A4GALT	275	KEGG_2021_Human
Steroid hormone biosynthesis	3/61	0.958857191959853	1	0.447224863620439	0.0187893157445339	COMT;HSD11B1;SRD5A1	276	KEGG_2021_Human
Pancreatic secretion	6/102	0.959752295610727	1	0.540031492248062	0.0221845224420429	RHOA;RAP1A;RAP1B;RAB11A;RAB8A;RAC1	277	KEGG_2021_Human
Ascorbate and aldarate metabolism	1/30	0.962380141180666	1	0.298345027582874	0.0114402636081292	AKR1A1	278	KEGG_2021_Human
Sphingolipid metabolism	2/49	0.96864699145721	1	0.367978106094901	0.0117219555839984	NEU1;SMPD2	279	KEGG_2021_Human
Aminoacyl-tRNA biosynthesis	3/66	0.972700974797801	1	0.411615638030732	0.0113929309951338	FARSB;FARSA;FARS2	280	KEGG_2021_Human
Breast cancer	9/147	0.973369522610828	1	0.563002341623948	0.0151962733770206	ARAF;E2F2;GADD45G;RPS6KB2;KRAS;CDKN1A;BAK1;HRAS;MAPK1	281	KEGG_2021_Human
Phosphatidylinositol signaling system	5/97	0.977349565484866	1	0.46947047057585	0.0107559892053939	CALM3;CALM1;SYNJ2;MTMR14;CDIPT	282	KEGG_2021_Human
Inflammatory mediator regulation of TRP channels	5/98	0.978930966348598	1	0.464396365435184	0.00988892744065586	PPP1CA;CALM3;CALM1;PPP1CC;MAP2K3	283	KEGG_2021_Human
Regulation of lipolysis in adipocytes	2/55	0.982055252820599	1	0.326210722236415	0.00590692805099844	GNAI2;GNAI3	284	KEGG_2021_Human
Various types of N-glycan biosynthesis	1/39	0.985952427176181	1	0.227569891379003	0.00321947081488689	DAD1	285	KEGG_2021_Human
Wnt signaling pathway	9/166	0.991754181649049	1	0.494339832559174	0.00409313537666873	RBX1;CCND3;CCND2;FOSL1;SKP1;RHOA;CACYBP;RAC1;RAC2	286	KEGG_2021_Human
MicroRNAs in cancer	20/310	0.993833871323567	1	0.593439865433137	0.00367055479446095	HNRNPK;VIM;E2F2;STMN1;HMOX1;RHOA;RDX;SOCS1;CCNE2;CDKN1A;HRAS;UBE2I;CDC25B;CCND2;PIM1;DDIT4;KRAS;HDAC1;BAK1;MAPK1	287	KEGG_2021_Human
Carbohydrate digestion and absorption	1/47	0.994150087674998	1	0.187908462395192	0.00110247587700786	SLC37A4	288	KEGG_2021_Human
Other types of O-glycan biosynthesis	1/47	0.994150087674998	1	0.187908462395192	0.00110247587700786	MFNG	288	KEGG_2021_Human
Complement and coagulation cascades	3/85	0.994658587904937	1	0.315904987787178	0.00169190132713484	F2R;PLAUR;CD59	290	KEGG_2021_Human
Ether lipid metabolism	1/49	0.995300937887537	1	0.180058804575479	0.000848101712176075	ENPP6	291	KEGG_2021_Human
Thyroid hormone synthesis	2/75	0.997364731362997	1	0.236572957791262	0.000624256199168215	GPX7;CREB3L3	292	KEGG_2021_Human
Signaling pathways regulating pluripotency of stem cells	6/143	0.99786479205767	1	0.377546257002207	0.000807001631623394	PCGF6;ID2;KRAS;PCGF1;HRAS;MAPK1	293	KEGG_2021_Human
Aldosterone synthesis and secretion	3/98	0.998336722899858	1	0.272477274463372	0.000453582532299947	CALM3;CALM1;CREB3L3	294	KEGG_2021_Human
Cortisol synthesis and secretion	1/65	0.999186152986085	1	0.134923272112131	0.000109851609383991	CREB3L3	295	KEGG_2021_Human
Herpes simplex virus 1 infection	32/498	0.999233738112578	1	0.588441921095747	0.000451073459376816	BAD;ZNF688;BID;TICAM1;PPP1CA;SRSF3;SRSF7;SRSF9;SRSF2;TNF;PPP1CC;MYD88;RHEB;BCL2L1;EIF4EBP1;EIF2B2;EIF2B1;EIF2AK2;EIF2AK1;TRADD;NECTIN1;BAK1;BST2;FAS;RELA;EIF2S1;OAS1;IFNG;CYCS;IRF7;CASP9;LTA	296	KEGG_2021_Human
Retinol metabolism	1/68	0.999414272597378	1	0.128860290139443	7.54991161541656e-05	ADH5	297	KEGG_2021_Human
Salivary secretion	2/93	0.999555358745814	1	0.189587008735945	8.43169521287981e-05	CALM3;CALM1	298	KEGG_2021_Human
Calcium signaling pathway	10/240	0.999872211518804	1	0.373575348248206	4.77416768480189e-05	ORAI3;CALM3;CALM1;F2R;NTRK2;VDAC3;VDAC2;VDAC1;SLC25A5;GNA15	299	KEGG_2021_Human
Insulin secretion	1/86	0.99991869173673	1	0.101469877462827	8.25067493930605e-06	CREB3L3	300	KEGG_2021_Human
Staphylococcus aureus infection	1/95	0.999969727590694	1	0.0917084006046708	2.77627626241906e-06	KRT10	301	KEGG_2021_Human
Neuroactive ligand-receptor interaction	5/341	0.99999999999448	1	0.126787155540182	6.99826531392737e-13	NMU;TSPO;S1PR4;F2R;NMUR1	302	KEGG_2021_Human
Olfactory transduction	4/440	1	1	0.0776841301278009	0	ARRB2;CALM3;CALM1;GNB1	303	KEGG_2021_Human
Oxidative Phosphorylation	128/200	4.7536318270535e-76	2.37681591352675e-74	16.3478658885456	2835.33394061558	ATP6V1E1;FDX1;UQCRC2;UQCRC1;SUCLG1;PDHB;UQCR10;UQCR11;COX8A;COX7A2L;MTRR;PHB2;ISCA1;MRPL15;MRPL11;CYB5R3;PRDX3;GRPEL1;TIMM17A;ATP6V1C1;DECR1;PDHA1;ATP5F1D;ATP5F1E;COX6C;GLUD1;GPI;ATP5ME;COX7C;COX7B;MRPS15;MRPS12;ACAT1;MRPS11;ECHS1;MRPL35;TIMM10;MRPL34;LDHB;LDHA;ATP5MG;ATP5MF;ATP6V1G1;NQO2;ATP5PF;ATP6V0E1;ATP5PD;MDH2;ATP5PB;COX6B1;NDUFAB1;DLD;FH;COX5A;MRPS30;HCCS;COX5B;ATP5F1A;ATP5F1B;ATP5F1C;AIFM1;MDH1;PHYH;SDHB;SDHC;UQCRQ;ISCU;DLST;TOMM22;COX6A1;NDUFV2;ATP6V0C;ATP6V0B;ATP6V1D;COX17;UQCRB;ATP5MC3;HTRA2;COX7A2;ATP5MC2;UQCRH;MPC1;ACAA2;ATP6V1F;CYC1;ACAA1;GPX4;NDUFC1;NDUFS8;NDUFS7;NDUFS6;NDUFS4;NDUFS3;CYCS;NDUFS2;NDUFS1;SLC25A3;NDUFB7;NDUFB6;NDUFB5;NDUFB4;NDUFB3;NDUFB2;NDUFB1;CASP7;UQCRFS1;COX4I1;TIMM8B;NDUFA8;IDH3G;NDUFA6;NDUFA5;NDUFA4;NDUFA3;NDUFA2;NDUFA1;VDAC3;SLC25A11;VDAC2;VDAC1;SLC25A5;ACADVL;ETFA;ETFB;HSD17B10;POLR2F;SLC25A20;IDH3B	1	MSigDB_Hallmark_2020
Myc Targets V1	114/200	5.43113958116495e-60	1.35778489529124e-58	12.0928805821087	1650.23023804647	DUT;RPL22;CNBP;DEK;MRPS18B;HSPE1;CDC20;PSMC6;PSMC4;SERBP1;HNRNPC;HNRNPD;RAN;UBE2L3;PSMD7;PSMD8;SNRPD3;SNRPD2;PSMD3;SNRPD1;XRCC6;AIMP2;RNPS1;HPRT1;PHB2;PWP1;PCBP1;PRDX4;PRDX3;MRPL9;DHX15;PTGES3;TCP1;MRPL23;LDHA;C1QBP;CCT4;CCT3;CCT2;RANBP1;UBE2E1;PSMA6;PSMA7;PSMA4;HNRNPA2B1;NDUFAB1;PRPF31;HDGF;COX5A;RPLP0;PSMB3;PSMB2;CCT7;CCT5;EIF1AX;ILF2;COPS5;SNRPA;PPIA;POLE3;SRSF3;SNRPG;SRSF7;MAD2L1;NHP2;HDDC2;PCNA;SRSF2;TYMS;RUVBL2;RPS2;TXNL4A;LSM2;EIF2S2;EIF2S1;LSM7;UBA2;ERH;PHB;CYC1;RFC4;VBP1;CBX3;PA2G4;NAP1L1;MCM4;ETF1;MCM5;MCM6;MCM7;MCM2;SLC25A3;YWHAE;PSMD14;GLO1;YWHAQ;PGK1;EIF4H;ACP1;EIF4E;RRM1;EIF3J;VDAC3;SSBP1;SNRPA1;VDAC1;EIF3D;PPM1G;CDC45;TRA2B;SNRPB2;BUB3;HNRNPA3;HNRNPA1	2	MSigDB_Hallmark_2020
DNA Repair	65/150	1.29380687565661e-25	2.15634479276101e-24	6.80607305266246	390.035889686342	DUT;RBX1;TARBP2;POLE4;EIF1B;VPS28;PCNA;MPG;RALA;GTF2B;TYMS;PNP;NT5C;SDCBP;ITPA;HPRT1;TSG101;COX17;AK3;DGUOK;MPC2;NELFE;RFC4;POLR3GL;RFC2;GPX4;EDF1;ZWINT;ADA;GTF2A2;GTF3C5;SUPT4H1;MRPL40;ZNRD1;TMED2;BCAP31;SF3A3;ADRM1;TAF12;RPA2;RPA3;TAF10;SSRP1;GTF2H5;APRT;ERCC1;NUDT21;DAD1;POLR1D;HCLS1;TAF9;TAF6;FEN1;GMPR2;GUK1;POLR2C;POLR2D;POLR2E;ELOA;POLR2F;POLR2G;POLR2H;POLR2I;POLR2J;POLR2K	3	MSigDB_Hallmark_2020
E2F Targets	75/200	1.44843437050089e-24	1.81054296312611e-23	5.35488721804511	293.938107685077	DUT;DEK;CDC20;PHF5A;DDX39A;MTHFD2;CCP110;ANP32E;ASF1A;HNRNPD;ASF1B;RAN;EXOSC8;CHEK1;RACGAP1;TIPIN;PLK1;XRCC6;TUBG1;JPT1;POP7;PRDX4;STMN1;RAD51C;CENPM;CDKN3;SLBP;TK1;LYAR;HELLS;RANBP1;RPA2;RPA3;RPA1;NUDT21;CKS2;CDKN1A;UNG;CDC25B;UBE2S;UBE2T;POLE4;CNOT9;MAD2L1;SNRPB;PCNA;SRSF2;TBRG4;PTTG1;RBBP7;NASP;EIF2S1;BIRC5;RNASEH2A;AK2;CCNB2;CBX5;RFC2;PA2G4;NAP1L1;MCM4;MCM5;DCTPP1;MCM6;MCM7;NAA38;MCM2;MCM3;SHMT1;HMGB3;HMGB2;SPAG5;SSRP1;PRPS1;TRA2B	4	MSigDB_Hallmark_2020
mTORC1 Signaling	70/200	5.03597096159775e-21	5.03597096159775e-20	4.79230769230769	223.981346273771	PPA1;HSPE1;CCT6A;DDX39A;PSMC6;MTHFD2;PSMC4;PSMC2;ARPC5L;GLRX;PNP;PLK1;TUBG1;DHFR;HPRT1;ENO1;PRDX1;SDF2L1;TPI1;ALDOA;GPI;STIP1;LDHA;SSR1;ELOVL6;NFYC;CACYBP;RPA1;PSMA4;PSMA3;RIT1;TCEA1;ERO1A;CDKN1A;UNG;PSMB5;SERP1;PDAP1;TUBA4A;COPS5;PPIA;RAB1A;SLA;UBE2D3;YKT6;MAP2K3;GOT1;EIF2S2;SLC9A3R1;QDPR;ATP6V1D;INSIG1;CORO1A;EBP;SRD5A1;ACTR3;CYB5B;NFKBIB;MCM4;ETF1;MCM2;PSMD13;PSMD14;PGK1;SLC37A4;PFKL;DDIT4;GAPDH;SEC11A;ADD3	5	MSigDB_Hallmark_2020
Adipogenesis	66/200	2.29966536891143e-18	1.91638780742619e-17	4.37384931629279	177.638501632089	UQCRC1;PREB;SUCLG1;UQCR10;GHITM;ARAF;UQCR11;TOB1;COX8A;TALDO1;MRPL15;PRDX3;GRPEL1;SCP2;DECR1;ALDOA;COX7B;ECHS1;MDH2;ELOVL6;NDUFAB1;PPARG;DLD;PLIN2;TKT;CMPK1;AIFM1;ACADS;PHYH;SDHB;SDHC;UQCRQ;CRAT;UCP2;TANK;COX6A1;CHCHD10;DNAJC15;QDPR;REEP5;CD151;AK2;PIM3;ACAA2;CYC1;HADH;JAGN1;GPX4;COQ5;NDUFS3;SLC25A1;YWHAG;NDUFB7;DRAM2;CPT2;IDH3G;NDUFA5;SOD1;PFKL;CAT;TST;MTCH2;RNF11;ETFB;DDT;UBQLN1	6	MSigDB_Hallmark_2020
Fatty Acid Metabolism	46/158	4.37081908441558e-11	3.12201363172542e-10	3.61566558441558	86.2462269446283	ACOT8;SDHC;GSTZ1;SUCLG1;CRAT;HPGD;DLST;PDHB;S100A10;MIF;OSTC;SMS;PSME1;BLVRA;ENO2;PRDX6;LGALS1;UROD;ACAA2;ACAA1;HADH;DECR1;PDHA1;GRHPR;ALDOA;ECHS1;ACAT2;LDHA;CPT2;YWHAH;CBR3;CBR1;HSDL2;IDH3G;MDH2;ADSL;DLD;FH;ACADVL;HCCS;HSD17B10;PTS;MDH1;PCBD1;ACADS;IDH3B	7	MSigDB_Hallmark_2020
Reactive Oxygen Species Pathway	22/49	5.94512788685722e-10	3.71570492928576e-09	7.12286603009259	151.313029561701	GPX4;NDUFS2;NDUFB4;GLRX;NQO1;NDUFA6;PRNP;GLRX2;SOD1;ATOX1;CAT;FTL;LAMTOR5;PFKP;LSP1;TXN;PRDX4;PRDX6;PRDX2;PRDX1;HMOX2;JUNB	8	MSigDB_Hallmark_2020
UV Response Up	41/158	1.99865264012687e-08	1.11036257784826e-07	3.07647234754184	54.5403400540265	KLHDC3;PDAP1;TUBA4A;POLE3;PSMC3;SELENOW;GRINA;AQP3;CCND3;AP2S1;YKT6;RAB27A;CNP;ENO2;GRPEL1;UROD;HMOX1;ATP6V1F;JUNB;ACAA1;ATP6V1C1;CYB5B;RFC4;GGH;MRPL23;TMBIM6;ALDOA;BTG3;AMD1;CLTB;STIP1;CREG1;DNAJA1;TST;FEN1;FURIN;CEBPG;ARRB2;BAK1;POLR2H;BID	9	MSigDB_Hallmark_2020
Glycolysis	46/200	1.49225785701525e-07	7.46128928507624e-07	2.62337662337662	41.233723093685	PSMC4;POLR3K;GLRX;UGP2;MIF;TALDO1;TSTA3;TXN;ENO1;ENO2;ARPP19;STMN1;TPI1;AKR1A1;ALDOA;CITED2;LDHA;MDH2;PGAM1;DLD;ERO1A;MDH1;B3GAT3;B3GAT1;SDHC;PPIA;NDUFV3;SLC16A3;GOT1;NASP;AK3;GALK1;HAX1;CASP6;GMPPA;GMPPB;PGK1;SLC37A4;SOD1;PKM;GALE;DDIT4;PFKP;PRPS1;PGLS;PGM2	10	MSigDB_Hallmark_2020
G2-M Checkpoint	44/200	1.01766701117761e-06	4.62575914171641e-06	2.47442225428405	34.1420728069005	CDC20;DDX39A;HNRNPD;EWSR1;CHEK1;RACGAP1;SNRPD1;E2F2;PLK1;TPX2;JPT1;STMN1;CDC6;CDKN3;DTYMK;RPA2;CKS2;GINS2;TGFB1;CDC25B;UBE2S;MAD2L1;SRSF2;PTTG1;HMGN2;NASP;BIRC5;TROAP;CCNB2;CHMP1A;DR1;HSPA8;CBX1;CUL4A;BCL3;MCM5;MCM6;MCM2;MCM3;AMD1;HMGB3;CDC45;TRA2B;BUB3	11	MSigDB_Hallmark_2020
PI3K/AKT/mTOR  Signaling	27/105	6.02374002108475e-06	2.50989167545198e-05	3.02473737716028	36.3567450578117	PPP1CA;PFN1;UBE2N;RALB;SLA;UBE2D3;CFL1;MAP2K3;MYD88;ARPC3;PIN1;SFN;AP2M1;ACTR3;NFKBIB;YWHAB;ARF1;MKNK1;EIF4E;LCK;RIT1;CDKN1A;PRKAG1;ARHGDIA;HRAS;MAPK1;RAC1	12	MSigDB_Hallmark_2020
Interferon Alpha Response	25/97	1.25897285675633e-05	4.84220329521665e-05	3.03212442271122	34.2103357604714	MX1;PSMB9;LAP3;LY6E;MVB12A;EPSTI1;ISG15;IFI44;PLSCR1;PSME2;PSME1;CNP;IFI35;EIF2AK2;NMI;OAS1;BST2;IL7;IRF7;PSMA3;OGFR;OASL;PSMB8;TRIM26;TRIM21	13	MSigDB_Hallmark_2020
Interferon Gamma Response	41/200	1.46373866172443e-05	5.22763807758724e-05	2.25848157688362	25.1412623775306	MX1;PSMB9;NUP93;LAP3;MTHFD2;PSMB10;PNP;EPSTI1;IFI44;PLSCR1;VAMP8;PSME2;PSME1;IFI35;NMI;BST2;SOCS1;PSMA3;CDKN1A;OGFR;PSMB8;PSMB2;FAS;LY6E;CD86;ISG15;MYD88;PIM1;EIF2AK2;IL7;IRF5;IRF7;CASP7;BPGM;PFKP;MVP;SRI;OASL;TRIM26;TRIM21;UPP1	14	MSigDB_Hallmark_2020
Unfolded Protein Response	27/113	2.55780167409319e-05	8.52600558031063e-05	2.74213707611925	28.9947467592187	IMP3;YIF1A;MTHFD2;PREB;NHP2;ATP6V0D1;BANF1;EXOSC1;LSM1;EIF2S1;LSM4;EIF4EBP1;POP4;BAG3;WIPI1;SSR1;EIF4E;YWHAZ;SPCS3;SPCS1;DDIT4;EIF4A3;CEBPB;SEC11A;ERO1A;CEBPG;SERP1	15	MSigDB_Hallmark_2020
IL-2/STAT5 Signaling	40/199	2.97865948833093e-05	9.30831090103417e-05	2.20231124330018	22.9512811352867	PNP;PLSCR1;RNH1;ANXA4;EMP1;CDC6;CTSZ;SOCS1;SOCS2;CTLA4;SNX9;GSTO1;PTRH2;PLIN2;CAPG;DCPS;PHLDA1;BATF;CD86;CSF2;NDRG1;CCND3;CCND2;SLC39A8;MAP3K8;CISH;PRNP;BCL2L1;PIM1;TNFRSF4;GPX4;TNFRSF1B;ITGAE;IL3RA;TNFRSF18;MYO1C;IL2RA;SYT11;GALM;FURIN	16	MSigDB_Hallmark_2020
Apoptosis	33/161	9.62278849805518e-05	0.00028302319111927	2.25310659057437	20.8385128077914	CDC25B;FAS;RELA;TNF;LMNA;CCND2;F2R;BCL2L1;ENO2;LGALS3;EBP;HMOX1;GPX4;EMP1;DAP;ETF1;RARA;BTG3;PEA15;HMGB2;HSPB1;CASP9;CASP6;CASP7;TIMP1;BCAP31;SOD1;DNAJA1;VDAC2;CDKN1A;GNA15;TSPO;BID	17	MSigDB_Hallmark_2020
Complement	38/200	0.000161393688698881	0.000424720233418108	2.05108389229124	17.9093751912554	PSMB9;LAP3;FDX1;CALM3;PFN1;CALM1;GNG2;APOBEC3F;EHD1;PLSCR1;PREP;LGALS3;PPP4C;CTSB;DUSP6;ANXA5;RHOG;CSRP1;CTSL;CTSH;TIMP1;RABIF;CD40LG;MSRB1;WAS;GNAI2;GNAI3;CD59;GNB2;PIM1;IRF7;CASP9;CASP7;PLAUR;ATOX1;LCK;CEBPB;USP16	18	MSigDB_Hallmark_2020
Allograft Rejection	38/200	0.000161393688698881	0.000424720233418108	2.05108389229124	17.9093751912554	CD4;PSMB10;MRPL3;CD28;CD3D;SOCS1;TIMP1;CCR5;MAP4K1;HCLS1;CD40LG;WAS;CAPG;TGFB1;ABI1;FAS;UBE2N;CD86;UBE2D1;TNF;CCND3;CCND2;FLNA;IL12RB1;F2R;NCF4;EIF5A;SRGN;IL7;ELF4;IFNG;BCL3;IRF7;LCK;IL2RA;EIF3J;EIF3D;TRAT1	18	MSigDB_Hallmark_2020
Hypoxia	37/200	0.000337955836916961	0.000844889592292403	1.98376783079193	15.8554535022292	JMJD6;MT1E;GLRX;UGP2;MIF;FOSL2;LXN;ENO1;ENO2;PRDX5;HMOX1;ANXA2;TPI1;ALDOA;GPI;CITED2;LDHA;PLIN2;ERO1A;CDKN1A;CAVIN3;S100A4;NDRG1;ZFP36;PIM1;GALK1;GRHPR;SLC25A1;CASP6;PGK1;SLC37A4;PLAUR;PFKL;DDIT4;GAPDH;PFKP;PGM2	20	MSigDB_Hallmark_2020
p53 Pathway	36/200	0.000685907273571447	0.00163311255612249	1.91733218217138	13.9673203352247	CCP110;CCNK;TOB1;S100A10;PMM1;VAMP8;HMOX1;SFN;RAD51C;RAP2B;ADA;RPS27L;HINT1;LDHB;SOCS1;HBEGF;CDKN1A;HRAS;TGFB1;FAS;MAPKAPK3;ISCU;S100A4;PCNA;NDRG1;CCND3;CCND2;PERP;F2R;VDR;TPRKB;DCXR;WRAP73;DDIT4;BAK1;UPP1	21	MSigDB_Hallmark_2020
heme Metabolism	35/200	0.00134867665202346	0.00306517420914422	1.85176085176085	12.2376049566409	OPTN;AQP3;PSMD9;E2F2;TMEM9B;ISCA1;GDE1;DCUN1D1;PRDX2;CTSB;ADIPOR1;SEC14L1;HTATIP2;MPP1;TCEA1;HDGF;UCP2;CCND3;MAP2K3;NEK7;SDCBP;BLVRA;NARF;HTRA2;UROD;EIF2AK1;RAD23A;HAGH;SMOX;GLRX5;BPGM;CAT;CCDC28A;PGLS;FBXO7	22	MSigDB_Hallmark_2020
IL-6/JAK/STAT3 Signaling	17/87	0.00729721959660126	0.0158635208621767	2.11272701969244	10.3951702190173	TGFB1;TNFRSF1B;HAX1;IL7;FAS;IL3RA;CSF2;TNF;SOCS1;IL12RB1;MAP3K8;IL17RB;MYD88;IL2RA;HMOX1;PIM1;BAK1	23	MSigDB_Hallmark_2020
Protein Secretion	18/96	0.00908061008400753	0.0189179376750157	2.0076473234368	9.43918255967354	RAB2A;RER1;ANP32E;ERGIC3;COPE;ARF1;NAPA;CLTA;NAPG;AP2S1;TMED2;YKT6;SOD1;RAB5A;VAMP4;TSG101;MAPK1;AP2M1	24	MSigDB_Hallmark_2020
Pperoxisome	19/104	0.00988937204421248	0.019778744088425	1.94484756359882	8.97798936279669	HSD3B7;ACOT8;CNBP;CRAT;FDPS;FIS1;PRDX5;PRDX1;SCP2;ACAA1;PEX2;ITGB1BP1;YWHAH;SOD1;ERCC1;CAT;MVP;HRAS;TSPO	25	MSigDB_Hallmark_2020
Androgen Response	18/100	0.0137148003246154	0.0263746160088757	1.90928540864356	8.18945917077444	UBE2I;HPGD;NDRG1;CCND3;TMEM50A;XRCC6;MAF;MYL12A;SMS;SRP19;INSIG1;PA2G4;CENPN;DBI;ADRM1;SPCS3;VAPA;GNAI3	26	MSigDB_Hallmark_2020
Myc Targets V2	12/58	0.0143229398430954	0.0265239626723989	2.26695398656357	9.62524370517988	CBX3;PA2G4;HSPE1;MCM4;MCM5;DCTPP1;TBRG4;PLK1;AIMP2;FARSA;PHB;UNG	27	MSigDB_Hallmark_2020
Xenobiotic Metabolism	30/200	0.024258092007114	0.043318021441275	1.5363321799308	5.71362709914626	SLC35B1;PSMB10;PMM1;HPRT1;ARPP19;ADH5;HMOX1;ASL;PTGES3;SSR3;ID2;HSD11B1;NQO1;CBR1;ARG2;GSTO1;PTS;GSS;FAS;COMT;PGD;TMBIM6;SAR1B;CASP6;ACP1;SMOX;DCXR;CAT;DDT;UPP1	28	MSigDB_Hallmark_2020
Estrogen Response Late	29/200	0.0390748039919673	0.0654139631431166	1.47562970794617	4.78440088071361	CDC20;TOB1;IL17RB;HPRT1;TSTA3;SFN;CDC6;COX6C;NMU;ID2;MOCS2;BTG3;TMPRSS3;GINS2;BATF;ZFP36;PERP;CISH;SLC9A3R1;RNASEH2A;ARL3;BAG1;DCXR;GALE;TST;NXT1;ETFB;TSPAN13;ADD3	29	MSigDB_Hallmark_2020
Cholesterol Homeostasis	13/74	0.03924837788587	0.0654139631431166	1.85131139571396	5.99425964847878	ANXA5;ETHE1;ACAT2;PMVK;S100A11;FDPS;PLAUR;PLSCR1;PPARG;ACTG1;LGALS3;EBP;FBXO6	30	MSigDB_Hallmark_2020
Apical Junction	28/200	0.0608010233164764	0.098066166639478	1.41568913286108	3.96414002735033	ACTN4;PFN1;MYL12B;ACTB;TUBG1;VASP;ICAM2;RHOF;RSU1;MAP4K2;CAP1;SORBS3;LIMA1;GNAI2;HRAS;RAC2;ZYX;CRAT;CD86;ARPC2;INSIG1;ACTG1;CNN2;HADH;CD99;NF2;YWHAH;NECTIN1	31	MSigDB_Hallmark_2020
TNF-alpha Signaling via NF-kB	27/200	0.0913658383974652	0.142759122496039	1.35649716075476	3.24593984972489	EIF1;EHD1;FOSL2;FOSL1;ZC3H12A;JUNB;CCL20;ID2;BTG3;SPSB1;HBEGF;CDKN1A;PHLDA1;RELA;CSF2;TNF;TANK;ZFP36;MAP3K8;MAP2K3;MSC;TNIP1;TNIP2;BCL3;PLAUR;KLF2;CEBPB	32	MSigDB_Hallmark_2020
TGF-beta Signaling	9/54	0.101288059794246	0.15346675726401	1.73556525958273	3.97407432547786	TGFB1;RHOA;PPP1CA;ID2;UBE2D3;FKBP1A;HDAC1;FURIN;JUNB	33	MSigDB_Hallmark_2020
Inflammatory Response	26/200	0.132568473465098	0.194953637448674	1.29804080347302	2.62289391983384	SLAMF1;CCL20;NMI;EMP3;RHOG;BST2;TIMP1;HBEGF;CDKN1A;GNAI3;SLC31A2;OSM;ABI1;LY6E;RELA;NMUR1;RGS1;EIF2AK2;TNFRSF1B;IRF7;ADRM1;PLAUR;LCK;LTA;SRI;GNA15	34	MSigDB_Hallmark_2020
Coagulation	18/138	0.181370030830364	0.259100044043378	1.30190058479532	2.22262546368295	ISCU;CAPN2;GNB2;PEF1;PREP;CTSB;DUSP6;SIRT2;ARF4;CASP9;CSRP1;CTSH;TIMP1;RABIF;WDR1;FURIN;CRIP2;RAC1	35	MSigDB_Hallmark_2020
Pancreas Beta Cells	5/40	0.399844353353727	0.555339379657955	1.23797993773781	1.13483135550562	SRP9;VDR;SPCS1;SEC11A;SRP14	36	MSigDB_Hallmark_2020
Notch Signaling	4/32	0.426011701765341	0.575691488872082	1.23786474899737	1.05625571050644	RBX1;DTX2;APH1A;SKP1	37	MSigDB_Hallmark_2020
Mitotic Spindle	20/199	0.590035397150978	0.768357546126444	0.96748875868647	0.510420703767079	ACTN4;UXT;PPP4R2;RACGAP1;PLK1;TPX2;RHOF;ARF6;MAPRE1;RALBP1;TUBA4A;ABI1;FLNA;BIRC5;PXN;CCNB2;YWHAE;CAPZB;CDC42;ARHGDIA	38	MSigDB_Hallmark_2020
Epithelial Mesenchymal Transition	20/200	0.599318885978627	0.768357546126444	0.962059620596206	0.492537446637779	VIM;FERMT2;ENO2;LGALS1;EMP3;ID2;TIMP1;IL32;CAPG;CD59;TGFB1;TPM4;FAS;PPIB;FLNA;GPX7;MCM7;PCOLCE;PLAUR;WIPF1	39	MSigDB_Hallmark_2020
KRAS Signaling Up	19/200	0.688094837712591	0.860118547140739	0.908412821127546	0.339590697719043	GLRX;GADD45G;DUSP6;CCL20;EMP1;ID2;PRELID3B;HSD11B1;MAP4K1;HBEGF;ERO1A;PSMB8;CSF2;CCND2;ETV5;TNFRSF1B;PLAUR;BPGM;TSPAN13	40	MSigDB_Hallmark_2020
Angiogenesis	3/36	0.734884814016366	0.896200992702885	0.787131107885825	0.242469053210625	S100A4;CCND2;TIMP1	41	MSigDB_Hallmark_2020
Myogenesis	17/200	0.836422001496384	0.985597864549701	0.803033811641766	0.143439510947921	GABARAPL2;PTP4A3;SIRT2;NQO1;SORBS3;RIT1;HBEGF;CDKN1A;TGFB1;TPM3;CRAT;FDPS;PRNP;MYL6B;BAG1;MYO1C;LSP1	42	MSigDB_Hallmark_2020
Apical Surface	3/44	0.847614163512743	0.985597864549701	0.633261354384226	0.104696936712458	PLAUR;MAL;HSPB1	43	MSigDB_Hallmark_2020
Bile Acid Metabolism	8/112	0.904286186037738	0.99999586062661	0.66500037305081	0.0669052826901653	HSD3B7;PHYH;OPTN;PRDX5;SCP2;SOD1;LCK;CAT	44	MSigDB_Hallmark_2020
UV Response Dn	10/144	0.938037543287405	0.99999586062661	0.644689175481814	0.0412377403524937	MT1E;NEK7;SYNJ2;INSIG1;ANXA2;ANXA4;CITED2;PPARG;SRI;ADD3	45	MSigDB_Hallmark_2020
Estrogen Response Early	14/200	0.959762160291541	0.99999586062661	0.649596251202879	0.0266787718203167	AQP3;TOB1;IL17RB;UNC119;SFN;RARA;TMPRSS3;SNX24;CISH;SLC9A3R1;ARL3;BAG1;NXT1;ADD3	46	MSigDB_Hallmark_2020
Spermatogenesis	8/135	0.974493631326124	0.99999586062661	0.543864606642889	0.0140519904888491	PEBP1;TALDO1;RPL39L;CCNB2;RFC4;NF2;CDKN3;VDAC3	47	MSigDB_Hallmark_2020
Hedgehog Signaling	1/36	0.980491259721498	0.99999586062661	0.247117309949596	0.00486859341732273	ADGRG1	48	MSigDB_Hallmark_2020
Wnt-beta Catenin Signaling	1/42	0.989885353646778	0.99999586062661	0.21088307064801	0.00214386828685447	CCND2	49	MSigDB_Hallmark_2020
KRAS Signaling Dn	5/200	0.99999586062661	0.99999586062661	0.220214813435152	9.11553225460327e-07	MX1;CD40LG;PDCD1;IFNG;GTF3C5	50	MSigDB_Hallmark_2020
